MOVIE_ID,NAME,ACTORS,COVER,DIRECTORS,DOUBAN_SCORE,GENRES,IMDB_ID,LANGUAGES,REGIONS,STORYLINE,YEAR
1291546,霸王别姬,张国荣/张丰毅/巩俐/葛优/英达/蒋雯丽/吴大维/吕齐/雷汉/尹治/马明威/费振翔/智一桐/李春/赵海龙/李丹/童弟/沈慧芬/黄斐,https://img3.doubanio.com/view/photo/s_ratio_poster/public/p1488213971.jpg,陈凯歌,9.6,剧情/爱情/同性,tt0106332,汉语普通话,中国大陆 / 中国香港,段小楼（张丰毅）与程蝶衣（张国荣）是一对打小一起长大的师兄弟，两人一个演生，一个饰旦，一向配合天衣无缝，尤其一出《霸王别姬》，更是誉满京城，为此，两人约定合演一辈子《霸王别姬》。但两人对戏剧与人生关系的理解有本质不同，段小楼深知戏非人生，程蝶衣则是人戏不分。,1993
3794147,北国之恋：1987初恋,吉冈秀隆/横山惠/伊丹十三/中岛朋子,https://img3.doubanio.com/view/photo/s_ratio_poster/public/p2472830331.jpg,杉田成道,9.5,剧情,tt0093353,日语,日本,因妻子外遇而离婚的黑板五郎，带着一对儿女从东京来到充满田园风光的北海道富良野生活。影片细腻地描写他们在北方富良野的田园生活和爱情，以及从学校走入社会工作，成家立业，生儿育女。剧中人物尽管有各种不如意的生活经历和自己无法掌控的现实，但他们最终都能战胜所面临的逆境，更加理解身边的人和事。,1987
1295124,辛德勒的名单,连姆·尼森/本·金斯利/拉尔夫·费因斯/卡罗琳·古多尔/乔纳森·萨加尔/艾伯丝·戴维兹/马尔戈萨·格贝尔/马克·伊瓦涅/碧翠斯·马科拉/安德烈·瑟韦林/弗里德里希·冯·图恩/克齐斯茨托夫·拉夫特/诺伯特·魏塞尔,https://img3.doubanio.com/view/photo/s_ratio_poster/public/p492406163.jpg,史蒂文·斯皮尔伯格,9.5,剧情/历史/战争,tt0108052,英语 / 希伯来语 / 德语 / 波兰语,美国,1939年，波兰在纳粹德国的统治下，党卫军对犹太人进行了隔离统治。德国商人奥斯卡·辛德勒（连姆·尼森 Liam Neeson 饰）来到德军统治下的克拉科夫，开设了一间搪瓷厂，生产军需用品。凭着出众的社交能力和大量的金钱，辛德勒和德军建立了良好的关系，他的工厂雇用犹太人工作，大发战争财。,1993
1293182,十二怒汉,亨利·方达/马丁·鲍尔萨姆/约翰·菲德勒/李·科布/E.G.马绍尔/杰克·克卢格曼 /爱德华·宾斯/杰克·瓦尔登/约瑟夫·史威尼/埃德·贝格利/乔治·沃斯科维奇/罗伯特·韦伯,https://img3.doubanio.com/view/photo/s_ratio_poster/public/p2173577632.jpg,西德尼·吕美特,9.4,剧情,tt0050083,英语,美国,一个在贫民窟长大的18岁少年因为涉嫌杀害自己的父亲被告上法庭，证人言之凿凿，各方面的证据都对他极为不利。十二个不同职业的人组成了这个案件的陪审团，他们要在休息室达成一致的意见，裁定少年是否有罪，如果罪名成立，少年将会被判处死刑。,1957
1461403,茶馆,于是之/郑榕/蓝天野/英若诚/黄宗洛/童超/金昭/林连昆/牛星丽/谭宗尧/童弟/吴淑昆,https://img3.doubanio.com/view/photo/s_ratio_poster/public/p2262122096.jpg,谢添,9.4,剧情/历史,tt1395030,北京话,中国大陆,世纪之交，古老的中国正迎来前所未有的巨大变革。老态龙钟的大清王朝摇摇欲坠，六君子的鲜血无法阻止历史车轮的滚动，老北京城的上空风云变幻，波谲云诡。王利发（于是之 饰），北京城内裕泰茶馆的年轻掌柜。他谨记父亲的教诲，体面周全地迎送四方宾客。小小的茶馆内，三教九流各色人等穿梭 于此：提笼架鸟哀叹时运的松二爷（黄宗洛 饰）；慨叹国之将亡的刚毅满人常四爷（郑榕 饰）；一心谋求实业救国的秦仲义（蓝天野 饰）；丧尽天良买卖人口的刘麻子（英若诚 饰）；打算娶老婆的庞太监（童超 饰）……你方唱罢我登场，小小茶馆之内演尽世间的沧桑与凄凉……,1982
1291831,灿烂人生,路易吉·洛·卡肖/阿莱西奥·博尼/索尼娅·贝加马斯科/玛雅·珊萨/法布里齐奥·吉福尼/杰丝敏·特丽卡/里卡多·斯卡马乔/安德烈提多娜/瓦伦蒂娜·卡妮卢提/卡米拉·菲利皮/莉迪亚·维塔莱/斯特凡诺·阿伯蒂,https://img3.doubanio.com/view/photo/s_ratio_poster/public/p1161132422.jpg,马可·图利奥·吉奥达纳,9.4,剧情/爱情/家庭,tt0346336,意大利语,意大利,马里奥（阿莱西奥•博尼 Alessio Boni 饰）和尼古拉（卢伊吉洛•肖卡 Luigi Lo Cascio 饰）是亲密无间的两兄弟，但是酷爱诗歌的马里奥却在考试中因为与教授意见相左而不及格，相反尼古拉投其所好的表现赢得了医学教授的好评拿到了高分。他们几个朋友相约去毕 业旅行，但是马里奥却带来了另外一个不速之客——他从精神病院搭救出来受伤的女孩佐珍（杰丝敏•特丽卡 Jasmine Trinca 饰）。于是，兄弟俩决定陪她寻找亲人。在一片革命洪流之中，马里奥弃笔从戎，选择做警察，而尼古拉则漂泊异乡成为了精神科医生。佛罗伦萨的大水，让兄弟俩重逢，此时尼古拉已经和钢琴师朱莉安成为伉俪。而马里奥则对摄影师米雷拉一见钟情。他们的感情同样经受着社会动荡的考验……,2003
1293908,城市之光,查理·卓别林/弗吉尼亚·切瑞尔/佛罗伦斯·李/亨利·伯格曼/珍·哈露,https://img1.doubanio.com/view/photo/s_ratio_poster/public/p2170238828.jpg,查理·卓别林,9.3,剧情/喜剧/爱情,tt0021749,英语,美国,他是一个流浪汉（查理·卓别林 Charles Chaplin 饰），身无分文，遇上了双目失明的卖花女，却不忍袖手旁观。他想尽办法去凑够费用，供卖花女治病。一天，他搭救了一个富翁，富翁当晚和他称兄道弟，第二天却翻脸不认人。本来打算向他求助的主意行不通了。流浪汉去参加拳击比 赛，以图获得奖金，却输得一败涂地。谁知这时重遇富翁，二人不计前嫌，富翁答应出钱资助卖花女。在交给流浪汉1000元后，富翁遭到偷袭，身上剩下的钱被强盗抢走。流浪汉奋不顾身去追赶，却因为误会被警察押回警局坐牢。另一方面，流浪女凭借流浪汉的资助重获光明，开了一家体面的花店。,1931
3804492,丝路花雨,贺燕云/柴怀民/张宏/李为民/张稽/贾士铭/崔凤云/吴鸿玉/许琪/樊玲/扎西,https://img1.doubanio.com/view/photo/s_ratio_poster/public/p2266845549.jpg,颜学恕/陈举,9.3,音乐/歌舞/戏曲,,汉语普通话,中国大陆,取材于著名的敦煌壁画。,1982
3794145,北国之恋：1983冬天,吉冈秀隆/宫泽理惠/伊丹十三,https://img1.doubanio.com/view/photo/s_ratio_poster/public/p2472822148.jpg,杉田成道,9.3,剧情,tt0085798,日语,日本,日本连续剧《北国之恋》以温情慈爱的笔触，描写家庭亲情之爱，人性之爱。离了婚的父亲带着一对儿女从东京来到充满田园风光的日本北方小岛生活。影片细腻地描写他们从学校走入社会工作，成家立业，生儿育女。剧中人物尽管有着各种不如意的生活经历和自己无法掌控的现实，但他们最终都能战胜所面临的逆境，更加理解身边的人和事。,1983
3284794,德雷拉之歌,卢·里德/约翰·凯尔,https://img3.doubanio.com/view/subject/l/public/s7026726.jpg,爱德华·拉奇曼,9.3,音乐,tt0364012,英语,美国,"""SONGS FOR DRELLA"" may be one of the most emotional pieces of music I have ever encountered. Not only is this disc a tribute to Andy Warhol, but it may also be the finest work of both Lou Reed, and John Cale. These songs feel so personal, one feels as if one is invading the very souls of each of these brilliant songwriters. While telling Andy's story they reveal much of themselves. Reed & Cale take turns covering every conceivable aspect of Andy Warhol's world. From art, work, style, childhood, fear, and envy. No stone is left unturned. One of the most haunting moments on this disc is ""The Dream"" by John Cale. A true masterpiece of inner terrors, and human weakness. Lou Reed shines on ""WORK"", ""NOBODY BUT ME"", and most notably on ""HELLO IT'S ME"". Here we can hear Lou's sadness, and longing for a friend host. ""SONGS FOR DRELLA"" is heart wrenching,",1990
2352020,攻壳机动队SAC 2nd GIG：个别的十一人,田中敦子/阪脩/大塚明夫/山寺宏一/仲野裕/大川透/小野塚勇人/山口太郎/玉川纱己子,https://img3.doubanio.com/view/photo/s_ratio_poster/public/p2531981961.jpg,神山健治,9.3,动画,tt1024214,日语,日本,间指向了2030年，自从爆发第四次世界大战以来，各国的政治力量发生了根本性的变化，由于战乱不断，激增的难民终于获准进入日本，以填补因经济不断发展造成的劳动力短缺。而就在此时，一个自称“个别的十一人”的恐怖组织展开了一系列极端袭击事件，难民营、外国领事馆、甚至是总理都遭到了恐怖袭击……,2006
3607017,马斯格雷夫仪式,杰瑞米·布雷特/爱德华·哈德威克/迈克尔·卡尔佛,https://img1.doubanio.com/view/photo/s_ratio_poster/public/p2518184319.jpg,大卫·卡森,9.2,悬疑/犯罪,tt0685625,英语,英国,马斯格雷夫典礼，一个古老仪式，它的咒语是这样的：“太阳在哪里？在像树上面。阴影在哪里？在榆树下面。怎样测到它？向北10步又10步，向东5步又5步，向南2步又2步，向西1步又1步，就在下面”。它在说什么？,1986
3676849,显贵的主顾,杰瑞米·布雷特/爱德华·哈德威克/罗莎莉·威廉姆斯,https://img3.doubanio.com/view/photo/s_ratio_poster/public/p2518184536.jpg,蒂姆·沙利文,9.2,悬疑/犯罪,tt0536973,英语,英国,福尔摩斯办过很多疑难怪案，但拆散他人婚姻的勾当，这还是第一次。因为拆散他人婚姻而被人狂殴到头破血流，也是第一次。因为拆散别人婚姻而被指控盗窃，更是第一次……,1991
1303913,南海十三郎,谢君豪/潘灿良/苏玉华/梁汉威/吴绮莉/黄霑/周志辉,https://img1.doubanio.com/view/photo/s_ratio_poster/public/p2328424489.jpg,高志森,9.2,剧情/爱情/传记,tt0134836,粤语,中国香港,开片是说书人因聚众滋事，被警察（黄霑 饰）带到了警局问话，借说书人之口讲述了粤剧金牌编剧——南海十三郎艺海浮沉的一生。作为粤剧名家江太史公的十三子，江誉镠（谢君豪 饰）自由顽皮，出入名流场所。一次偶然的舞会，他遇到了上海的千金小姐莉莉（吴绮莉 饰），然而双方有缘相逢，无份结亲。后来，他跟随她来到上海，竟落得穷困潦倒。,1997
2077558,Jam,克里斯多夫·莫利斯/阿米莉亚·布摩/朱莉娅·戴维斯/凯文·埃尔登/马克·希普,https://img3.doubanio.com/view/subject/l/public/s2401735.jpg,克里斯多夫·莫利斯,9.2,喜剧,tt0240273,英语,英国,"With Jam, the TV follow-up to his Radio 1 series Blue Jam, Chris Morris focuses more on unease more than the satire of Brass Eye. Indeed, it's a moot point whether Jam can actually be categorised as comedy at all. Each sketch is steeped in a heavy brine of dark, ambient music (including Bark Psychosis, David Sylvian and Brian Eno), grainy imagery, fast-cut editing and slo-motion. Its mirthless, Kafka-esque scenarios feel like an attempt to morph into some new species of post-comedy that is more like the stuff of nightmares. The credits, in which Morris stalks the moving camera, uttering Lear-esque words of foreboding immediately announce that this ""sketch show"" is a galaxy apart from The Two Ronnies.",2000
1293847,生之欲,志村乔/千秋实/藤原釜足/金子信雄/中村伸郎,https://img3.doubanio.com/view/photo/s_ratio_poster/public/p2079076441.jpg,黑泽明,9.1,剧情,tt0044741,日语 / 英语,日本,市政府市民科科长渡边勘治（志村乔饰）是名近三十年全勤的模范公务员，然而他和同事们每天忙碌却人浮于事，不知道自己在忙些什么。一帮妇女联合到市政府申请填平社区附近的臭水池，在上面建造个小公园。市民科的接待人员告诉她们要把问题反映到土木课，公园课把她们推到建设科……，申请书转 了一圈后，又被踢回市民科。,1952
1466243,罗马11时,伊娃·瓦尼切克/卡拉·德尔·波吉奥/马西莫·吉洛蒂/露西娅·波塞/雷夫·瓦朗/埃莱娜·瓦尔齐/莱亚·帕多瓦尼/德利娅·斯卡拉/伊雷娜·加尔特/保罗·斯托帕/玛丽亚·格拉齐亚·弗兰恰/阿曼多·弗兰西欧利/保拉·布鲁布尼,https://img3.doubanio.com/view/photo/s_ratio_poster/public/p2230837721.jpg,朱塞佩·德·桑蒂斯,9.1,剧情,tt0045098,意大利语,意大利 / 法国,意大利新现实主义的代表作，但因其反应现实的力度致使当时的意大利政府采取了全面封杀的态度，结果使这部片子的知名度大幅度降低，但本片无论从表现手法，还是演员表演，到对社会，人性的刻画揭露，无不表现出深厚的功力和艺术水准，其成就足以使它超越《偷自行车的人》成为新现实主义的巅峰之作,1952
2211826,夜之河,山本富士子/上原谦/小野道子,https://img1.doubanio.com/view/photo/s_ratio_poster/public/p2362794678.jpg,吉村公三郎,9.1,剧情,tt0253967,日语,日本,京都堀川东一带染坊林立，其中舟木由次郎经营着一家名叫“丸由”的五十年老店。由次郎年老，染坊的担子落到了技艺出色美貌坚强的长女纪和身上。周围不少传统的染坊相继倒闭，纪和四处寻找展示自己京染作品的场所，开拓自家染坊的生意。纪和在一次返家途中遇到了学画的大学生冈本，冈本对其产生了好感。不久后，纪和结识了大阪大学的教授竹村及其女淳子，纪和心仪竹村，频频与其见面。在纪和的努力下，成功地打开了东京的市场。冈本知道了纪和与竹村的关系后，劝她不要接近竹村，却惹怒了纪和。数日后，纪和从淳子处得知，原来竹村有个卧病在床的妻子，大为惊诧的纪和决定忘记竹村……,1956
4047730,蝶影红梨记,任剑辉/白雪仙/靓次伯/梁醒波,https://img3.doubanio.com/view/photo/s_ratio_poster/public/p2517260323.jpg,李铁,9.1,爱情/歌舞,tt0205010,粤语,中国香港,"書生趙汝州與紫玉樓名妓謝素秋在佛寺中憑壁上題詩結緣, 詩詞互傳, 神交三載, 互生情愫. 本相約賞燈節在佛寺見面, 惜相爺急召秋回府, 二人緣慳一面. 奸相王黼迫秋和番通敵, 秋裝死脫身.",1959
1419479,女人步上楼梯时,高峰秀子/森雅之/团令子/仲代达矢/加东大介/中村雁治郎/小泽荣太郎,https://img1.doubanio.com/view/photo/s_ratio_poster/public/p1676504317.jpg,成濑巳喜男,9.1,剧情,tt0054144,日语,日本,妈妈桑keiko（高峰秀子 饰）是银座Club的老板娘，年届三十，正值人生转折期，面对着再婚与事业的抉择犹豫不决。Keiko早年丧夫，婚姻一直没有起色，事业方面生意也日渐冷清，心境萧条的她只将生活重心放在照顾年轻一代的公关小姐junko、yukiko们身上。Club年轻的经理（仲达代矢 饰）暗恋keiko，但以事业为重的他不愿表白，则通过与yukiko的肉体关系来淡化心里对keiko的情愫。然而，难以控制的情感让他最终鼓起勇气表白，心境苍凉的keiko会接受吗？,1960
1292589,纽伦堡的审判,斯宾塞·屈塞/伯特·兰卡斯特/理查德·威德马克/玛琳·黛德丽/马克西米连·谢尔/朱迪·加兰/蒙哥马利·克利夫特/维尔纳·克伦佩雷尔,https://img3.doubanio.com/view/photo/s_ratio_poster/public/p922207281.jpg,斯坦利·克雷默,9.1,剧情/历史,tt0055031,英语 / 德语,美国,讲述二战后在纽伦堡提审德国纳粹计划的法律关系者，三个被告提审的原因是给犹太人施行断种手术。担任主审判长的是美国人赫鲁特，他主张其中两个被告无罪；而德国司法部长亚林克竟对此事保持沉默，但检查官罗森上校却激烈的指责被告，因此三个人展开激烈的辩论。审讯继续进行下去。而美国的高级官员们希望能在审判中获提德国所犯罪行的良好证明，因此对审判施以极大的压力，但赫鲁特坚守法律的正义立场，给予了最公正的判决。在宣布判决结果时，只有亚林对赫鲁特审判长的态度表示赞赏。,1961
1422091,情迷意乱,高峰秀子/加山雄三/草笛光子/白川由美/三益爱子/滨美枝/藤木悠/北村和夫/十朱久雄,https://img3.doubanio.com/view/photo/s_ratio_poster/public/p1449763371.jpg,成濑巳喜男,9.1,剧情/爱情/家庭,tt0058349,日语,日本,小镇里，一家超级市场的宣传车四处开动，正在播放着周年庆大减价的消息，森田屋的礼子（高峰秀子 饰）却很苦恼。这家家庭式百货商店是礼子婆家的店，结婚不久后，丈夫于战场战死，家里只剩下上了年纪的婆婆（三益爱子 饰）和年纪尚幼的小叔幸司（加山雄三 饰）。礼子一人扛下经营的重担，一晃十八年，而现在却遭到超级市场的大冲击。礼子的小姑们——久子（草笛光子 饰）和隆子（白川由美 饰）想要借森田屋这块地皮改造成超级市场，而改建计划里却没有礼子的位置。知晓实情后的礼子借再婚之名决定离开森田屋。,1964
1291583,天空之城,田中真弓/横泽启子/初井言荣/寺田农/常田富士男/永井一郎/糸博/鹫尾真知子/神山卓三/安原义人/槐柳二/鳕子,https://img1.doubanio.com/view/photo/s_ratio_poster/public/p1446261379.jpg,宫崎骏,9.1,动画/奇幻/冒险,tt0092067,日语,日本,古老帝国拉比达是一座漂浮在空中的巨大的机器岛，传说那里已经无人居住，蕴藏着巨大的财富。因此，无论军方还是海盗，都在找寻着这座传说中的飞行岛。,1986
1300334,熊的故事,巴特熊/切基·卡尤/杰克·华莱士/安德烈·拉孔布,https://img3.doubanio.com/view/photo/s_ratio_poster/public/p2454268056.jpg,让-雅克·阿诺,9.1,剧情,tt0095800,英语 / 法语,法国 / 美国,宁静的原始森林，熊妈妈正带着自己的孩子约克寻找蜂蜜。正当母子享受这顿美餐时，灾难不期而至。熊妈妈被一块巨石砸死，约克伤心备至，不得已踏上了独自生存的艰险之路。它路遇被猎人伤害的成年灰熊，灰熊一心报复伤害它的人类，对待约克分外冷淡。但随着一段时间的相处，它和约克慢慢成为了好朋友。它们一路遭到猎人的追踪，也遇到了各种各样的险情，在这个危机重重的原始丛林中寻找属于自己的一片天地……,1988
2040152,法国大革命,克劳斯·马利亚·布朗道尔/简·西摩,https://img1.doubanio.com/view/photo/s_ratio_poster/public/p2562096919.jpg,罗贝尔·恩里科/理查德·赫夫伦,9.1,剧情/历史/战争,tt0098238,法语 / 英语,法国 / 意大利 / 西德 / 加拿大 / 英国,法国凯撒奖(1990；第15届),1989
3676858,爬行人,杰瑞米·布雷特/爱德华·哈德威克,https://img3.doubanio.com/view/photo/s_ratio_poster/public/p2518184561.jpg,蒂姆·沙利文,9.1,悬疑/犯罪,tt0536970,英语,英国,自从61岁的普莱斯伯利教授狂热地爱上一个少女后，每隔九天，他就会被家里的狼狗狠狠地咬一次。而更令教授的女儿和助手惊骇的是：被狗咬的当天深夜，教授总是偷偷地溜出房间，在楼道和窗户上四处爬行……,1991
1418076,天堂回信,石晨/李丁/肖雄,https://img3.doubanio.com/view/photo/s_ratio_poster/public/p1090024531.jpg,王君正,9.1,剧情/儿童,tt0334505,汉语普通话,中国大陆,1990年代，北京。晨晨（石晨 饰）的爸妈在国外工作，他平日与爷爷（李丁 饰）一起生活。爷爷干了一辈子邮政工作，退休后与孙儿相依为命。一天，祖孙俩把一封已故去的收信人的信件系在风筝上放飞天空，爷爷告诉晨晨：他在天堂会收到的。不久，妈妈（肖雄 饰）从国外回来了，她看不惯公公对晨晨的放任，每天给晨晨布置了英语、钢琴等课程，原有的平静不见了，爷爷搬回了自己的旧居。晨晨日夜思念爷爷，他恨透了什么英语钢琴，整天哭闹不休，妈妈见此若有所思。爷爷的生日到了，晨晨与好伙伴琳琳送来生日贺卡祝福，爷爷带他们外出放风筝，劳累一天后，在孩子们的欢笑声中，爷爷竟然永远“睡”去了......,1992
4906417,高智能方程式赛车 TV总集篇,金丸淳一/三石琴乃/安达忍,https://img3.doubanio.com/view/subject/l/public/s4412555.jpg,福田己津央,9.1,爱情/科幻/动画,,日语,日本,ハヤトが初優勝を制した第10回大会の軌跡を、アスラーダがドライバー別に編集したビデオで振り返る総集編。,1992
3712242,硬纸盒子,杰瑞米·布雷特/爱德华·哈德威克,https://img3.doubanio.com/view/photo/s_ratio_poster/public/p2509534531.jpg,莎拉·赫林斯,9.1,悬疑/犯罪,tt0646182,英语,英国,"Susan Cushing asks Holmes' help in solving the disappearance of her sister Mary Browner, but it doesn't seem Holmes' type of case until he is told of a Christmas present's grisly contents.",1994
1301811,鳄鱼波鞋走天涯,布拉德·兰弗洛/约瑟夫·梅泽罗/安娜贝拉·莎拉/戴安娜·斯卡尔维德/约翰·卡洛·林奇,https://img3.doubanio.com/view/photo/s_ratio_poster/public/p2188484411.jpg,彼得·霍顿,9.1,剧情/儿童,tt0112757,英语,美国,故事发生在一个宁静的小镇里，德斯特（约瑟夫·梅泽罗 Joseph Mazzello 饰）和艾瑞克（布拉德·兰弗洛 Brad Renfro 饰）是一对毗邻而居的同龄人。一场医疗事故打破了德斯特的平静生活，由于医疗设备的污染，德斯特在输血的过程中感染了可怕的艾滋病。尽管不幸从天而降，并非谁的过错，但德斯特一家还是遭到了居民们的孤立和排挤。,1995
1889694,怒海英雄：火攻船,艾恩·格拉法德/罗伯特·林德森/伊恩·麦克尼奇,https://img3.doubanio.com/view/photo/s_ratio_poster/public/p2278610371.jpg,安德鲁·格里弗,9.1,剧情/战争/冒险,tt0194947,英语 / 法语,英国,该片改编自英国畅销作家佛瑞斯特(C. S. Forester)的最得意作品，描写了18世纪末到19世纪初霍恩布洛尔船长的海上传奇，刻画了一位正直、勇敢、智慧、富有冒险精神并时刻反思人生的船长形象，该书的系列作品到目前仍受到霍恩迷的支持，在国外亦有专门的网站和讨论区交流此作品。本片讲述的是初出茅庐的Hornblower作为一个海军学员的故事，是几年以来不可多得的人物撰记片。,1998
1293350,两杆大烟枪,杰森·弗莱明/德克斯特·弗莱彻/尼克·莫兰/杰森·斯坦森/斯蒂文·麦金托什/斯汀/维尼·琼斯,https://img1.doubanio.com/view/photo/s_ratio_poster/public/p792443418.jpg,盖·里奇,9.1,剧情/喜剧/犯罪,tt0120735,英语,英国,艾迪（尼克·莫伦）思维敏捷，是个玩牌高手。在三个好友的支持下，艾迪携巨资参加了黑社会的高额赌局，不想落入圈套，欠下50万的赌债。为了还清赌债，艾迪和朋友们绞尽脑汁，最终算计到一群毒贩身上，并为打劫购买了两杆老式烟枪。,1998
1303927,数码宝贝大电影一：滚球兽的诞生,藤田淑子/荒木香惠/坂本千夏/石丸博也/榊原良子/冬马由美/尾小平志津香/菊地祥子/杉本优/永野爱,https://img3.doubanio.com/view/photo/s_ratio_poster/public/p2525457080.jpg,细田守,9.1,动作/动画/冒险,tt2049430,英语,日本,三年前，一颗数码蛋从数码世界掉进了现实世界，滚球兽出生了……这与三年后被选召的孩子们的故事有什么联系呢？本故事情节跌荡起伏，滚球兽进化为亚古兽，为了能打败强大的对手鹦鹉兽，它进化为暴龙兽，而另有六个孩子看到了战斗过程，他们就是……,1999
1889700,怒海英雄：叛乱,艾恩·格拉法德/罗伯特·林德森/大卫·沃纳/吉米·巴姆博/保罗·麦甘恩,https://img1.doubanio.com/view/subject/l/public/s1832238.jpg,安德鲁·格里弗,9.1,剧情/战争/冒险,tt0273656,英语,英国,Hornblower and his comrades come under the command of a revered but obviously mentally unstable captain and eventually must mutiny.,2001
1299361,爱·回家,金艺芬/俞承豪/童孝熙/闵京勋/任恩敬,https://img3.doubanio.com/view/photo/s_ratio_poster/public/p2107418134.jpg,李廷香,9.1,剧情/家庭,tt0312841,韩语,韩国,为了方便找工作，妈领着7岁的相宇（俞承浩饰）去乡下的外婆家，想把他暂时留在那里。外婆（金亦芬饰）年事已高，不能说话也不识字。而一直生活在城市里的孙子相宇，刚开始无法适应连游戏机、电池都没得卖的乡下生活。他开始蛮横地流露出不满，抱怨这个抱怨那。为了买电池，偷走外婆的银头簪拿去卖；外婆得知孙子想吃炸鸡，却只理解到鸡肉，炖了只鸡给孙子吃，却被生气的相宇踢翻了。,2002
1769507,沉静如海,朱莉·德拉姆/米歇尔·加拉布吕/托马斯·儒阿特/玛丽·布奈尔,https://img1.doubanio.com/view/photo/s_ratio_poster/public/p2531484208.jpg,皮埃尔·布特龙,9.1,剧情/爱情/战争,tt0430594,法语 / 德语,法国 / 比利时,法国人André（迈克尔·加拉布鲁 Michel Galabru 饰）和她的孙女Jeanne（朱莉·德拉姆 Julie Delarme 饰）原本平静的生活因二战的到来和德军对法国的侵占被打破，更让他们无法接受的是，他们家里的一个房间竟被征用作为一个德国军官Werner（托马斯·儒阿特 Thomas Jouannet 饰）的起居室。他们对这个敌方的军官一直保持着一种冷漠，尤其是Jeanne，她从来不和军官说话，即使是在他向他们问好的时候。让人意想不到的是，这个年轻的军官在多日的相处后，竟和他们谈论起自己的生活、音乐和法国文化，透露出他纳粹军服下隐秘的内心世界。同时，Jeanne也在积极的参与法国地下反抗德军的组织活动。渐渐地，两个来自敌对双方的年轻男女间产生了一种奇异的情感。这种情感在他们离别的时候，化成了Jeanne口中的一句话，她和他说的第一句话，也是唯一的一句话......,2004
4122194,银魂剧场版：新译红樱篇,杉田智和/钉宫理惠/阪口大助/中井和哉/铃村健一/千叶进步/石田彰/三木真一郎/子安武人/雪野五月/高桥美佳子,https://img3.doubanio.com/view/photo/s_ratio_poster/public/p612363092.jpg,高松信司,9.1,喜剧/动作/动画/古装,tt1636780,日语,日本,故事发生在日本的江户时代，一名神秘的男子出现在了武士桂小太郎（石田彰 配音）的面前，他手握妖刀“红樱”，要求试刀，这个夜晚之后，桂便下落不明。桂的宠物伊丽莎白（高松信司 配音）找到万事屋的神乐（钉宫理惠 配音）和新八（坂口大助 配音），委托他们寻找主人的下落。同时，银时（杉田智和）也受到委托，寻找四处作恶的红樱的下落。三人的线索汇聚到了一艘空中飞艇上，由于远离警察的管辖范围，飞艇里的恶势力一手遮天。在那里，银时遇见了曾经的战友现在的对手高杉晋助（子安武人 配音），高杉正带领着自己的鬼兵队企图毁灭江户。一面是穷凶极恶的恐怖分子，一边是暴虐嗜血的妖刀红樱，身受重伤的银时能够平安脱险拯救江户吗？,2010
4827535,越剧红楼梦,钱惠丽/单仰萍/陈颖/方亚芬/张永梅/章海灵/黄慧/葛佩玉,https://img3.doubanio.com/view/subject/l/public/s4356746.jpg,胡雪扬,9.0,剧情/爱情/家庭/古装,,越剧,中国大陆,钱惠丽 .... 贾宝玉,0.0
1292778,将军号,巴斯特·基顿/玛丽昂·马克/格伦·卡文德/吉姆·法利/弗雷德里克·弗鲁姆/查尔斯·亨利·史密斯/弗兰克·巴恩斯/乔·基顿/麦克·多林/汤姆·纳恩,https://img3.doubanio.com/view/photo/s_ratio_poster/public/p2248676081.jpg,巴斯特·基顿/克莱德·布鲁克曼,9.0,剧情/喜剧/动作/战争/冒险,tt0017925,无对白,美国,1861年，Johnnie Gray（巴斯特·基顿 Buster Keaton 饰）是西部大西洋火车公司的一名员工，深爱着他的火车“将军号”，还有他的未婚妻（Marion Mack 饰）。南北战争爆发了，他的未婚妻让他去从军，军方却拒绝了他，认为让他开火车更有价值。他的未婚妻很生气，发誓除非看见他穿军装的样子，不然再也不和他说话。北军正在计划一个阴谋，准备劫走“将军号”，给南军来一次突袭。Johnnie发现了北军的诡计，更意外的在北军的阵营里解救了他的未婚妻。他必须将北军要突袭的情报带回南军的阵地，他一路上驾驶着“将军号”，遭遇重重追击。南北军大战一触即发......,1926
1302210,神女,阮玲玉/黎铿/章志直/唐槐秋,https://img3.doubanio.com/view/photo/s_ratio_poster/public/p2028929312.jpg,吴永刚,9.0,剧情,tt0195256,无对白,中国大陆,上海1930年代，贫苦女人（阮玲玉）为养活儿子沦为暗娼，并不幸被一流氓看中霸占，她几次试图逃脱流氓的控制，均告失败，儿子到了入学的年龄，她不想因为没钱使儿子失去受教育的机会，便继续拿身体挣钱，为此，她要瞒着流氓从有限的收入里偷偷取出一些攒下。,1934
1295646,大独裁者,查理·卓别林/宝莲·高黛/杰克·奥克,https://img3.doubanio.com/view/photo/s_ratio_poster/public/p1960167314.jpg,查理·卓别林,9.0,剧情/喜剧/战争,tt0032553,英语 / 世界语,美国,影片讲述第一次世界大战，托曼尼亚王国独裁者辛格尔（查理·卓别林饰）上台。他的大肆扩张导致战乱不断民不聊生。并且他大搞阴谋政策，煽动民众对犹太人的敌对与仇恨，让犹太人民陷入水深火热的灾难之中。被征入伍的犹太人理发师查理（查理·卓别林饰）更是在这样的高压政策下难逃一劫。当查理逃出边境时，被驻守在这里的军队误认为是独裁者辛格尔，他趁机做了一场“为自由而战斗”的大演说。,1940
1293839,罗马假日,奥黛丽·赫本/格利高里·派克/埃迪·艾伯特/哈特利·鲍尔/哈考特·威廉姆斯/托里奥·卡米纳提/保拉·布鲁布尼/里佐·弗雷多里佐,https://img3.doubanio.com/view/photo/s_ratio_poster/public/p2189265085.jpg,威廉·惠勒,9.0,剧情/喜剧/爱情,tt0046250,英语 / 意大利语 / 德语,美国,欧洲某国的安妮公主（奥黛丽·赫本 Audrey Hepburn 饰）到访罗马，国务烦身，但她又厌倦繁文缛节。一天晚上，身心俱疲的她偷偷来到民间欣赏夜景，巧遇报社记者乔（格里高利·派克 Gregory Peck 饰）。二人把手同游，相当快乐。公主更是到乔的家中作客并在那过夜。,1953
3724033,荒山泪,程砚秋/胡学礼/钱宝森,https://img3.doubanio.com/view/photo/s_ratio_poster/public/p1945500364.jpg,吴祖光,9.0,剧情/戏曲,,汉语普通话,中国大陆,明末，昏君崇祯不断缺陷取苛捐杂税，加深人民的痛苦。农民高良敏因付不出捐税，父子俩都被抓入狱，儿媳张慧珠日夜织绢才将高父子赎回。刚到家，公差就来抽取新税，父子俩连夜去采药被老虎吃了，慧珠的独子宝琏又被抓去，年迈的婆婆被气身亡。索税公差仍向她要税，慧珠一人逃进深山荒野，自刎而死。,1956
1292969,光荣之路,柯克·道格拉斯/拉尔夫·米克/阿道夫·门吉欧/乔治·麦克雷迪/理查德·安德森/蒂莫西·凯瑞/克里斯蒂安妮·库布里克,https://img3.doubanio.com/view/photo/s_ratio_poster/public/p955392372.jpg,斯坦利·库布里克,9.0,剧情/战争,tt0050825,英语 / 德语,美国 / 西德,1916年，第一次世界大战期间的法国，德法两军的战争如火如荼。值此关键时刻，法国陆军将军布洛拉德（Adolphe Menjou 饰）向陆军上尉达克斯（柯克·道格拉斯 Kirk Douglas 饰）率领的部队下了一道命令：不惜一切代价攻下德军占领的安特山。军令如山，即使前方刀山火海，战士们仍拼死向前冲去。结局可想而知，在敌人密集的炮火下，法军冲锋失败，伤亡惨重。为了掩盖自己的指挥失误，布洛拉德抓捕三名无辜士兵作代罪羔羊，以临阵脱逃等罪名将他们判处死刑。为了士兵的利益，达克斯上尉奋力争取，却在这一过程中渐渐看清军官和战争的丑恶……,1957
1329969,红楼梦,徐玉兰/王文娟/吕瑞英/金采风/周宝奎/孟莉英/徐天红,https://img3.doubanio.com/view/photo/s_ratio_poster/public/p2322451692.jpg,岑范,9.0,剧情/爱情/古装/戏曲,tt0056078,汉语普通话,中国大陆,林黛玉（王文娟 饰）告别父亲，千里迢迢来至荣国府的外祖母家，遇见了表兄贾宝玉（徐玉兰 饰），两个玉儿情投意合，互为知己。宝玉和黛玉偷读西厢，明了彼此的心意；之后宝玉当面驳斥薛宝钗，在袭人面前为黛玉正名；因金钏一事，公子哥饱受一顿毒打，惹来祖母、姐妹的关心。更因一次误会，令黛玉上演葬花一幕。宝玉迷茫中道出心事，却为袭人得知。袭人将之诉于王夫人，王熙凤献出偷梁换柱的调包计，假借林姑娘之名让宝玉娶宝钗为妻。这边厢，锣鼓喧天共贺新人；那边厢，林姑娘泪尽心死魂归太虚……,1962
4720779,秦香莲,张君秋/马长礼/裘盛戎/马连良/李多奎,https://img3.doubanio.com/view/photo/s_ratio_poster/public/p2529226963.jpg,郭维,9.0,剧情/戏曲,,汉语普通话,中国大陆,故事发生在宋朝时代，陈世美（马长礼 饰）和秦香莲（张君秋 饰）本是恩爱的夫妻，心怀着远大理想的陈世美决定进京赶考，秦香莲则一边照顾两人的孩子一边留在老家等待丈夫的喜讯。功夫不负有心人，陈世美果然一举夺得了头筹，然而，命运的意外转变也激发了他内心的心魔，他早已经忘记了在老家的藏糠之妻，只想着如何成为驸马爷。,1964
1292981,婚姻生活,丽芙·乌曼/厄兰·约瑟夫森/古内尔·林德布洛姆/毕比·安德松/简·马尔姆斯/贝蒂尔·诺斯特伦/莱娜·贝格曼/英格玛·伯格曼/芭布洛·约尔特·阿夫·奥纳斯,https://img1.doubanio.com/view/photo/s_ratio_poster/public/p2037298187.jpg,英格玛·伯格曼,9.0,剧情/爱情,tt0070644,瑞典语,瑞典,律师玛丽安（丽芙•乌曼Liv Ullmann 饰）与精神学讲师约翰（厄兰•约瑟夫森Erland Josephson 饰）结婚十余载，育有两名女儿，生活幸福平稳。朋友皮特（金•玛思索Jan Malmsjö饰）与卡特里娜（毕比•安德森Bibi Andersson 饰）的婚姻生活却濒于解体。感慨万千的玛丽安发现自己怀孕，没曾想约翰竟倾向于打胎。有一天约翰突然向玛丽安提出自己爱上了一名叫宝拉的女子，二人痛苦分居。在协议离婚的过程中，二人的愤懑不满纷纷爆发，直到多年后，玛丽安与约翰才终于体会到爱情是什么。,1973
1307315,哪吒闹海,梁正晖/邱岳峰/毕克/富润生/尚华/于鼎,https://img3.doubanio.com/view/photo/s_ratio_poster/public/p2516566783.jpg,严定宪/王树忱/徐景达,9.0,动画/奇幻/冒险,tt0354770,汉语普通话,中国大陆,商末时期，陈塘关总兵李靖的夫人怀胎3年6个月，最终生下一个肉球，肉球中跳出一个伶俐可爱的男孩。李靖原当他是妖孽欲杀之而后快，幸太乙真人前来收之为徒，赐名哪吒，并赐以乾坤圈和混天绫两件宝贝。某年，天下大旱，甘露未降。哪吒和家将到东海洗澡玩耍。他用混天绫搅动海水，撼动龙宫，惹出巡海夜叉李艮和龙王三太子敖丙。几番言语不和，哪吒杀此二人，由此闯下通天大祸。四海龙王齐聚陈塘关索命，为救一方百姓，哪吒决定交出生命……,1979
1303067,影武者,仲代达矢/山崎努/油井孝太/大泷秀治,https://img3.doubanio.com/view/photo/s_ratio_poster/public/p997945263.jpg,黑泽明,9.0,剧情/历史/战争,tt0080979,日语,日本 / 美国,日本战国时代三雄之首的武田信玄（仲代达矢饰），号称“甲斐之虎”。他的信条是“疾如风，徐如林，侵略如火，不动如山”。当武田信玄包围德川军的野田城，即将直取京都完成霸业时，他被敌人的狙击冷枪打中，重伤濒死。临死前，他留下遗言要部下隐瞒自己死讯三年。先前弟弟武田信廉（山崎努饰）找到的替身（仲代达矢饰），原为窃贼的他面貌和信玄酷似，即日本人所说的“影子武士”，担当起了重任。,1980
1850674,辛普森一家：家庭治疗,南茜·卡特莱特/丹·卡斯泰兰尼塔/朱莉·卡夫娜/雅德丽·史密斯,https://img3.doubanio.com/view/subject/l/public/s1742552.jpg,马特·格罗宁,9.0,喜剧/动画,tt0439812,英语,美国,"Homer tricks the family into going to a psychologist by pretending to take them out for frosty chocolate milkshakes. He seeks an answer to the family's problems, saying that they don't laugh any more. The family breaks into a collective chuckle after the psychologist kicks them out of his office.",1989
3091208,樱桃小丸子,水谷优子/屋良有作/鈴木みえ/富山敬/佐々木優子/山口胜平/水原リン/菊池正美/渡边菜生子,https://img3.doubanio.com/view/photo/s_ratio_poster/public/p2380703550.jpg,芝山努/須田裕美子,9.0,动画/儿童,tt2167725,日语,日本,正在上小学三年级的樱桃小丸子（Tarako 配音），因班长丸尾末夫（飞田展男 配音）提出了抽签换座位的要求，抽到了她不喜欢的调皮同学大野健一（山口胜平 配音）跟彬山聪（真山亚子 配音）同桌。而且和最好的同学小玉（渡辺菜生子 配音）分了桌。大野和彬山是一对好朋友，他们虽然总是抄袭作业欺负同学，可他们参加劳动时非常能干，学校有活动配合的也很默契。学校要开运动会，小丸子和上六年级的姐姐樱杏子(水谷优子 配音)都要参加，在运动会开始时爸爸樱宏志（屋良有作 配音）妈妈小林堇（一龙斋贞友 配音）也来给她们加油，小丸子参加的借物竟赛时多亏大野和杉山的帮助取得了第二名。男生骑马打仗比赛，因大野没发挥好以至最后输了比赛，大野和彬山这对最要好的朋友因此友谊出现了裂痕。赌气不说话的两人，转眼来到了平安夜的合唱比赛。一场大野的危机即将降临，这是否是二人关系的转捩点呢？,1990
1305995,飞翔的梦,亚罗米尔·汉兹利克/卢博尔·托科什,https://img3.doubanio.com/view/photo/s_ratio_poster/public/p2550740471.jpg,布雷梯斯拉夫·波杰,9.0,动画/家庭/奇幻,tt0100194,捷克语,捷克斯洛伐克 / 加拿大,十一岁的阿历克是个性格孤僻的孩子，他白天的时候总是很想念当随船大夫的父亲，希望像父亲一样四海为家，到处去旅行……有一天，一位陌生人给阿历克带来他父亲送他的礼物。这是一包他父亲搜集的「蝶蛹」卡通画。 第二天清晨醒来，阿历克发现满屋子飞舞著五颜六色的蝴蝶，其中之一不同寻常，大大的双眼，长长的头发，她是一个「蝶仙」小精灵，阿历克称她为《乌鲁咕》，她有著神奇的力量，能使任何东西飞起来，阿历克和她形影不离，上学、睡觉都带著她。,1990
3610756,弗朗西斯·卡法克斯女士失踪案,杰瑞米·布雷特/爱德华·哈德威克/谢丽尔·坎贝尔,https://img3.doubanio.com/view/photo/s_ratio_poster/public/p2509534726.jpg,约翰·马登,9.0,剧情/悬疑,tt0536971,英语,英国,高贵、美貌、极度富有且孑然一身……这种女人，总是很容易处于危险之中，而弗朗西斯·卡法克斯女士，恰好就是“这种女人”，所以她……失踪了,1991
1663436,史密斯乐团：完美的图景,史蒂文·帕特里克·莫里西/约翰尼·玛尔/安迪·洛克,https://img1.doubanio.com/view/photo/s_ratio_poster/public/p2023155419.jpg,德里克·贾曼,9.0,音乐,tt0271196,英语,英国,"Thirteen Smiths' recordings, half of them in a club with a live audience. These alternate with five rock videos, two directed by Derek Jarman (Panic and Ask), two by Tim Broad (Girlfriend in a Coma and Stop Me...), and one by Paula Grief and Richard Levine (How Soon Is Now?). It concludes with Jarman's short film, ""The Queen Is Dead,"" with a three-song soundtrack. The rock videos, particularly Jarman's, are filled with multiple and superimposed images, changing tints, and little narrative coherence; they get their pace from the music's rhythm. Androgyny, dancing children, belching smokestacks, graffiti, angry young men, a waif in a cap: collages of modern alienation.",1992
1301753,狮子王,乔纳森·泰勒·托马斯/马修·布罗德里克/杰瑞米·艾恩斯/詹姆斯·厄尔·琼斯/莫伊拉·凯利/内森·连恩/尼基塔·卡兰姆/厄尼·萨贝拉/乌比·戈德堡/罗温·艾金森,https://img1.doubanio.com/view/photo/s_ratio_poster/public/p726659067.jpg,罗杰·阿勒斯/罗伯·明可夫,9.0,动画/歌舞/冒险,tt0110357,英语 / 斯瓦希里语 / 科萨语 / 祖鲁语,美国,辛巴是狮子王国的小王子，他的父亲穆法沙是一个威严的国王。然而叔叔刀疤却对穆法沙的王位觊觎已久。,1994
1417013,寅次郎的故事48：寅次郎红之花,渥美清/倍赏千惠子/浅丘琉璃子/吉冈秀隆/后藤久美子/下条正巳/三崎千惠子,https://img3.doubanio.com/view/photo/s_ratio_poster/public/p2333007595.jpg,山田洋次,9.0,剧情/喜剧/爱情,tt0114060,日语,日本,山田日後承認在開拍此片之前，已心諳渥美清的肺病步入末期，決定此章為最後一章，並安排由淺丘瑠璃子演的莉莉送寅次郎踏上人生的最後一程。分別15年後，兩人於如詩如畫的奄美大島重逢，感情依舊，鬥氣繼續，沒完沒了似的。正如山田所想，雖然系列必須完結，但始終不想為寅次郎的故事／人生劃上句號。結局如常開放，代表寅一直繼續他的旅程，日本人依然有夢。,1995
2150421,旅途守护天使,奥托·申克/弗里茨·穆利亚尔/克里斯蒂亚娜·赫尔比格/彼得·韦克,https://img3.doubanio.com/view/photo/s_ratio_poster/public/p2512170801.jpg,彼得·韦克,9.0,剧情/喜剧/家庭,tt0298143,德语,德国,亲爱的乘务员要退休了，本次从维也纳发往威尼斯的列车将驶向他职业生涯的终点站。他自然希望一路上平平安安，但事实并不是这样……,1997
1293455,永恒和一日,布鲁诺·甘茨/伊莎贝拉·雷纳德/法布里齐奥·本蒂沃利奥,https://img3.doubanio.com/view/photo/s_ratio_poster/public/p1391839595.jpg,西奥·安哲罗普洛斯,9.0,剧情,tt0156794,希腊语 / 英语,法国 / 意大利 / 希腊 / 德国,患有癌症晚期的诗人亚历山大（Bruno Ganz）在进医院等待死亡的前一天，想将一直陪伴其左右的狗交托自己的亲生女儿，遭到对方拒绝。女儿对自己处境的不了解，以及女婿打算将自己的祖屋卖掉，令亚历山大神伤不已黯然离开。,1998
5041031,赛文奥特曼 我是地球人,南条弘二/山崎勝之/正岡邦夫/古賀亘/鵜川薫/あだち理絵子,https://img3.doubanio.com/view/photo/s_ratio_poster/public/p2547616522.jpg,神澤信一/満留浩昌,9.0,剧情/动作/科幻,,日语,日本,在幾百萬年前，地球原本是外星人的故鄉，人類殘暴的祖先在地球進行殺戳把這地方鵲巢鳩佔。而世代以來，所有統治者還一直把紀錄了這個秘密的「亞米加檔案」禁敝起來，不肯承認過錯。事實上，外星人直對地球虎視眈眈，並非因為要侵略，而是想討回公道。這次，外星人決定實行最大的報復行動。即使地球高層最終決定向宇宙公開承認「亞米加檔案」的內容，但是也按制不住外星人為國復仇的決心。作為地球的好朋友，七星俠不忍袖手旁觀，但是從宇宙公義的角度看，他理應主持公道……七星俠將會如何抉擇？,1999
1464526,横空出世,李雪健/李幼斌/高明/陈瑾/滕汝骏/张勇手/刘琳/陶海/董建业/瓦西里耶夫·尼古拉/亚力山大·伊萨耶夫/张国民/李晓耕/王明智/刘桐渤/李胜源/张志毅/李宗奎/陈共青/张建春/王小刚/张佑中/魏阳/王春/曾阳/王玉喜/干丹/史海龙/亚力山大·奥克萨娜/樊明明,https://img3.doubanio.com/view/photo/s_ratio_poster/public/p672536444.jpg,陈国星,9.0,剧情/历史,tt0459399,汉语普通话,中国大陆,1949年新中国建立以来，虽然人民当家做主人，但是新政权还随时面临被海外敌对势力所颠覆的严峻现状。惨烈的抗美援朝战争结束后，曾经立下赫赫战功的冯石将军（李雪健 饰）接到中央委派的重要使命，那就是主持原子弹的研发工作。虽然对原子弹一窍不通，但是军人出身的冯石只有服从上级的命令，带着一支经过烈火淬炼的英雄部队挺近荒凉的戈壁滩。在此之后，以美国留学归来的陆光达（李幼斌 饰）等科学界的精英人才从四面八方调到了西北荒漠。,1999
1889695,怒海英雄：公爵夫人与恶魔,艾恩·格拉法德/罗伯特·林德森/切瑞·朗吉,https://img3.doubanio.com/view/photo/s_ratio_poster/public/p2278607774.jpg,安德鲁·格里弗,9.0,剧情/战争/冒险,tt0194946,英语,英国,"Hornblower captures the French vessel, Le Reve, and is asked by Pellew to sail her back to England so that she can be outfitted for the English navy, and also, as a favor, to convey the unusual Duchess of Wharfedale back home. Unfortunately, Le Reve, Hornblower, the duchess and the crew are captured by the Spanish and imprisoned. There, Horatio finds Kennedy, wasted and hopeless from months in solitary. Against the odds, Horatio must find a way to escape with Kennedy, against Hunter's protests, and with the growing suspicion that the duchess may not be who she appears.",1999
1928887,淘金岁月,罗宾·邓恩/詹姆斯·加纳/亚当·阿金,https://img3.doubanio.com/view/photo/s_ratio_poster/public/p2518163022.jpg,查尔斯·马丁·史密斯,9.0,剧情,tt0290280,英语,美国,上集)著名小说家马克·吐温应邀到一所大学的毕业典礼上讲演，女儿苏希对此反映强烈，因为她也在毕业生的行列，而身边的同学们都耻笑父亲是个低俗的作家，并打赌不超过十分钟，台下的同学就会消失一半。,2002
1889706,怒海英雄：忠诚,艾恩·格拉法德/罗伯特·林德森/保罗·麦甘恩,https://img3.doubanio.com/view/photo/s_ratio_poster/public/p2325137626.jpg,安德鲁·格里弗,9.0,剧情/战争/冒险,tt0327890,英语,英国,在《忠诚》里面，法国的和平使得Hornblower退役了，当时，只有房东的女儿Maria一直在帮助他，关心他。幸运的是，那破伦的军队已经准备好了，Hornblower不久得到了航行法国的命令，为了那些爱尔兰的叛国者还有法国的欺诈者。,2003
1865703,红辣椒,林原惠美/江守彻/堀胜之祐/古谷彻/大塚明夫/山寺宏一/田中秀幸/兴梠里美/岩田光央/爱河里花子/川濑晶子/太田真一郎/福松进纱/胜杏里/宫下荣治/三户耕三/今敏/筒井康隆,https://img3.doubanio.com/view/photo/s_ratio_poster/public/p672363704.jpg,今敏,9.0,科幻/动画/悬疑/惊悚,tt0851578,日语,日本,近未来，为了治疗现代人类越来越多、越来越严重的精神疾病，位于东京的精神医疗综合研究所开发出一种可以反映他人梦境的机器。通过微型DC的帮助，梦境在显示器上呈现出来，更方便找到一个人焦虑的症结。,2006
4144683,神秘博士：火星之水,大卫·田纳特/琳赛·邓肯/皮特·奥布莱恩/嘉玛·陈/莎伦·邓肯-布鲁斯特,https://img3.doubanio.com/view/photo/s_ratio_poster/public/p2151616662.jpg,格雷姆·哈珀,9.0,科幻,tt1413314,英语,英国,"《火星鬼水》是《神秘博士》2009特别篇第二弹，于11月15日在BBC1播出。制作人Russell T Davies透露，这集会和接下来的2集关系密切，但并不是三部曲的第一部分。本集献给2009年10月过世的前""神秘博士""编剧兼制作人Barry letts。",2009
2129039,飞屋环游记,爱德华·阿斯纳/克里斯托弗·普卢默/乔丹·长井/鲍勃·彼德森/戴尔里·林多/杰罗姆·兰福特/约翰·拉岑贝格/大卫·卡耶/艾丽·道克特/杰里米·利里/米凯·麦高万/丹尼·曼恩/唐纳德·富利洛夫/杰斯·哈梅尔/乔什·库雷/彼特·道格特,https://img3.doubanio.com/view/photo/s_ratio_poster/public/p485887754.jpg,彼特·道格特/鲍勃·彼德森,9.0,剧情/喜剧/动画/冒险,tt1049413,英语,美国,小男孩卡尔（Carl Fredricksen）怀揣着对于冒险的热爱偶遇假小子艾丽（Ellie），而艾丽把整个屋子当成一艘大飞船游戏居然使他对这个女孩子有些着迷，相同的爱好最终使两个人成为了一生的爱侣。,2009
4824996,钢之炼金术师：师傅的故事,朴璐美,https://img3.doubanio.com/view/photo/s_ratio_poster/public/p2190442216.jpg,荒川弘,9.0,动画,,日语,日本,18岁的主妇当年一人在北部要塞混乱且彪悍的拜师生活经历，以及与其老公银他妈式的纯情邂逅。,2010
2057398,难夫难妻,丁梦鹤/王病僧,https://img1.doubanio.com/view/photo/s_ratio_poster/public/p1696510747.jpg,张石川/郑正秋,8.9,剧情,tt3550098,,中国大陆,由上海新民公司出品。,1913
1310179,幻想曲,华特·迪士尼/列奥波德·斯托科夫斯基/科里·伯顿,https://img3.doubanio.com/view/photo/s_ratio_poster/public/p1833100312.jpg,詹姆斯·阿尔格/福特·毕比/保罗·萨特菲尔德/宾·沙普斯坦,8.9,动画/音乐/奇幻,tt0032455,英语,美国,1940年，迪士尼公司制作了第三部长片动画《幻想曲》，为动画史贡献了一部迄今仍难以企及的经典名作。本片由8部音乐短片组成，最早诞生的《魔法师的学徒》讲述了在魔法师严西（Yensid，迪士尼Disney倒写）手下学徒的米老鼠偷戴师傅的帽子，利用魔法指挥扫帚挑水并惹下大祸的 有趣故事。该片原打算收入“糊涂交响曲（Silly Symphonies）”系列，但因严重超支，入不敷出，故迪士尼决定另外结合几支经典名曲拍成一部音乐短片合集，一并发行。只是因过于艺术化以及二战等方面的原因，《幻想曲》并未取得预期的收益。除杜卡的《魔法师的学徒》外，本片收录曲目还有巴赫《D小调托卡塔与赋格》、柴科夫斯基《胡桃夹子》、斯特拉文斯基《春之祭》、贝多芬《田园交响曲》、蓬基耶利《时间舞曲》、穆索尔斯基《荒山之夜》和舒伯特的《万福玛丽亚》。,1940
1295873,偷自行车的人,兰贝托·马乔拉尼/恩佐·斯泰奥拉/莉安拉·卡雷尔/吉诺·萨尔塔梅伦达/维托里奥·安东努奇,https://img3.doubanio.com/view/photo/s_ratio_poster/public/p759707912.jpg,维托里奥·德西卡,8.9,剧情/犯罪,tt0040522,意大利语,意大利,二战过后，罗马同许多城市一样，充斥失业和贫困，人们常常为一个工作机会争得头破血流。已失业多时的里奇（Lamberto Maggiorani）费劲千辛万苦获得一份海报张贴的工作后，却为这份工作需要一辆自行车犯愁，为了以后的日子好过，他用妻子的嫁妆--床单从换回已经当掉的自行车，不想，他的自行车在上班第一天就被盗。里奇同儿子布鲁诺（Enzo Staiola）寻遍罗马大街小巷，也没能找到他赖以活命的自行车，眼见无指望的日子又要降临，里奇决定以牙还牙，可是他的运气却没有别的小偷好。,1948
1306019,大地之歌,卡奴·班纳杰/卡鲁娜·班纳杰/楚尼巴拉·德芙/尤玛·戴斯·固普塔/苏比·班纳杰/伦基·班纳杰/雷巴·德芙/阿帕纳·德芙/突利斯·查克拉波提,https://img3.doubanio.com/view/photo/s_ratio_poster/public/p2263825780.jpg,萨蒂亚吉特·雷伊,8.9,剧情,tt0048473,孟加拉语,印度,在20世纪初印度孟加拉的一个小村庄里。生活的艰辛使得村里穷苦人家充满了苦闷、忧虑与不和。哈里哈尔写了一首首诗，一个个剧本，但到处碰壁，无法出版。六年过去了，哈里哈尔家的房子更加破败不堪，贫穷一步不舍地伴随着他们。无穷无尽的烦恼，纠缠着他们。富人丢了东西，就赖杜尔加偷走了，尽管妻子萨尔博加娅不愿忍受这种侮辱，却也只能拿孩子撒气。哈里哈尔希望通过一举成名来重振早已破落的“门第”，可是，他每月八个卢比的微薄收入，以及沉重的家庭负担，致使他始终无法实现其各种美好的计划，就连维持家里人填饱肚子也做不到。他只好去异地他乡寻找一条出路，进城去赚了一笔血汗钱，谁料回到家时，等待他的却是巨大的灾难：暴风雨把房子冲塌了，十二岁的女儿杜尔加也病死了，萨尔博加娅痛哭起来。见此凄惨情景，哈里哈尔只好带领着妻儿离开故乡，去另谋生路，只有杜尔加长眠在这里。,1955
4739983,情探,傅全香/陆锦花/张桂凤,https://img3.doubanio.com/view/photo/s_ratio_poster/public/p2397714766.jpg,黄祖模,8.9,剧情/爱情/戏曲,,汉语普通话,中国大陆,"名妓敫桂英周济秀才王魁，又以身相许，两人恩情缱绻，盟誓于海神庙，互不变心。两年后，王魁入京中魁，在名利诱惑下，遣书休弃桂英，另与官家之女成婚。桂英愤而诉于海神庙，自缢身死。海神爷准了她的诉状，命判官引桂英鬼魂进京与王魁折证。桂英不舍夫妻恩义，再次以""情""试探，不料王魁果然负心绝情，桂英盛怒之下，活捉王魁。",1958
1292515,用心棒,三船敏郎/仲代达矢/山田五十铃/志村乔/东野英治郎/加东大介,https://img3.doubanio.com/view/photo/s_ratio_poster/public/p2163659004.jpg,黑泽明,8.9,剧情/动作/惊悚/犯罪,tt0055630,日语,日本,外表落魄邋遢的浪人武士三十郎（三船敏郎 饰）来到一个小镇，清兵卫（河津清三郎 饰）和新田丑寅（山茶花究 饰）两家恶霸在那里为争夺地盘，招兵买马经常争斗，弄得民不聊生。三十郎决定从中设计，引诱双方雇佣自己，再加入不同方造成两边拼斗，由此坐收渔利，消灭对方。 但随着丑寅弟弟卯之助（仲代达矢 饰）的加入，情况又发生了不同，他手里握有短枪，占得优势，清兵卫的势力被打败，三十郎甚至也受伤不轻。但是决战在所难免，椿三十郎独对丑寅、亥之吉等众人，身处劣势的他如何能剿灭对方呢？,1961
1300738,夺命剑,三船敏郎/仲代达矢/司叶子/加藤刚/大塚道子,https://img1.doubanio.com/view/photo/s_ratio_poster/public/p2204699929.jpg,小林正树,8.9,剧情,tt0061847,日语,日本,德川幕府时代，会津藩马回队武士笹原伊三郎（三船敏郎 饰）剑术高超，为人则恪守职责，忍辱负重。某日，藩主松平政容（松村达雄 饰）将爱妾阿市（司叶子 饰）以大不敬的罪名赶出藩邸，并命其下嫁伊三郎的长子与五郎（加藤刚 饰）。迫于对藩主的忠诚，笹原家最终接受了这门婚事。婚后与五郎和阿市相亲相爱，婚姻美满。,1967
1416702,寅次郎的故事15：鸳鸯伞,渥美清/倍赏千惠子/浅丘琉璃子,https://img3.doubanio.com/view/photo/s_ratio_poster/public/p2333007611.jpg,山田洋次,8.9,喜剧,tt0073498,日语,日本,被譽為《男人之苦》系列中的顛峰之作。淺丘瑠璃子飾演的酒吧歌女莉莉繼第11集《寅次郎毋忘我》後第二度登場。寅次郎與離婚後的莉莉重遇，兩人今次感情突飛猛進，還經常手拖手逛街。正當各人以為寅和莉莉天生一對，慫恿他們共諧連理之際，寅卻狠狠地拒絕了這頭婚事，因為他相信：「莉莉是一隻季候鳥──受傷了回家休息，醫好了便展翅翱翔，留不低停不下──像我一樣。」無腳雀仔的鼻祖原來是寅次郎！,1975
1297268,秋日奏鸣曲,英格丽·褒曼/丽芙·乌曼/莱娜·尼曼/哈尔瓦德·比约克,https://img3.doubanio.com/view/photo/s_ratio_poster/public/p2034707962.jpg,英格玛·伯格曼,8.9,剧情,tt0077711,瑞典语 / 英语,瑞典 / 法国 / 西德 / 英国,夏洛特（英格丽·褒曼）是某乐团杰出的钢琴演奏员，她的女儿伊娃（丽芙·乌尔曼）是一名在农村社区工作的牧师的妻子，两人之间有一道深深的感情鸿沟，七年来不曾有过任何交流。在得知夏洛特的第二任丈夫去世后，伊娃写信邀请夏洛特来同住，两人都试着友好相处，却不免又将往事重提。伊娃怨恨夏洛特没在她童年时给予她足够的爱护，只把重心放在自己的事业上，疏远了自己和另一个有高度残疾、只能发不清晰的音来与人交流的女儿海琳（莱娜·尼曼）。而夏洛特因为海琳与伊娃住在一起，加上丈夫的去世给自己造成很大打击，也是心情闷闷紧锁眉头。,1978
1427266,超时空要塞：可曾记得爱,长谷有洋/饭岛真理/土井美加,https://img1.doubanio.com/view/photo/s_ratio_poster/public/p2287771379.jpg,石黑升/河森正治,8.9,爱情/科幻/动画,tt0087660,日语,日本,"在1999年，一艘外星宇宙战舰坠落到了地球，人们用了了十年的时间修复并取名为""MACROSS""。2009年，MACROSS要塞正在举办一场偶像歌星林明美（饭岛真理 配音）的演唱会，突然空袭警报响起，要塞开始了变形。战斗中，一条辉（长谷有洋 配音）驾驶着变形战斗救下一名少女，战机却由于速度过快撞进外层舱室。安定后，辉发现救得是林明美。俩人相识后，为使明美高兴，辉偷开教练机带着明美去兜风。敌人趁机出现，好在朋友这时挺身相救，经过一场混战，辉和早濑未沙（土井美加 配音）醒过来，发现在一个荒芜的星球上。他们了解到，五十万年前，一个叫""普罗多""的古代文明发展到顶盛时，已经可以借遗传密码无性繁殖后代，于是国家分裂为由男性组成的""杰特拉帝""和由女性组成的""赫而特兰帝""开始了长达数万年的战争。在战争中文明急剧衰退了，曾经伟大的文化被遗忘殆尽，退化成了只会战斗的种族，为了维护和平，他们将会采取怎样的行动……",1984
1299515,影子大地,乔斯·雅克兰德/克莱尔·布鲁姆/菲利普·斯通/约翰·瑞汉姆,https://img3.doubanio.com/view/photo/s_ratio_poster/public/p2427877973.jpg,诺曼·斯通,8.9,剧情/爱情/传记,tt0090005,英语,英国,本片系改编自二十世纪最具影响力的护教学家路易斯的迟婚故事。 依言情的角度看，这是一部拍摄得堪称精致动人的小品电影。安东尼霍普金斯的眼神演活了一个年逾半百的智慧大师人味十足的情感起伏：从对域外永恒世界的笃定神往到邂逅爱情的惶惶惊喜，从经历死别的愤怒、怆痛，到归回日常循环的悠悠释然——欲望的踊动和生死的参悟，正是这部电影凝链剧力的重心，它原可跨越文化和信仰的差异，触动人人的心弦。,1985
4728526,抬花轿,王清芬/丁岚/修正宇/李广海/王清海/高玉秋,https://img3.doubanio.com/view/photo/s_ratio_poster/public/p2539742656.jpg,陈献玉,8.9,爱情/戏曲,,河南话,中国大陆,故事发生在明朝永乐年间。锣鼓喧天，鼓乐齐鸣。武状元及第的牌匾被官差郑重其事摆在最显眼的位置，武状元（修正宇 饰）仪表堂堂，威风凛凛骑在高头大马上，浩浩荡荡回到了家乡。当朝四品官员周定喜笑颜开，因为不久前诸位年兄保媒，给周定的女儿周凤莲和武状元说亲。两家你情我愿，一拍即合。转眼变到了迎亲的日子，恰在此时，凤莲的弟弟周进宝高中新科文状元。在送亲时候，周进宝惊讶地发现武状元府的一名丫鬟竟然和跳河身亡的妻子王定云一模一样。这次经历让进宝落下心病。,1986
3264731,棒球英豪 没有背号的王牌投手,三ツ矢雄二/日高のり子/難波圭一,https://img3.doubanio.com/view/photo/s_ratio_poster/public/p2534284371.jpg,杉井仪三郎,8.9,剧情/爱情/动画,tt6840490,日语,日本,在美好的季节里，上杉达也（三ツ矢雄二 配音）、和也（难波圭一 配音）和浅仓南（日高のり子 配音）这三个青梅竹马的好友顺利升入明青学园高中部。与另外两人相比，达也似乎心不在焉，他闲逛校园各个角落，迟迟未曾决定加入哪一个社团，而他对棒球部仿佛完全不做考虑。当他好不容易下定决心，却发现小南作为加入棒球部担当经理。充满万千情愫的达也，稀里糊涂被相貌凶恶的原田正平（银河万丈 配音）拉入全然没有任何概念的拳击部。落英缤纷的季节，少男少女百味心绪随风飘散……,1986
3103037,棒球英豪 在你离开之后,三矢雄二/日高法子/难波圭一,https://img1.doubanio.com/view/photo/s_ratio_poster/public/p2518583068.jpg,杉井仪三郎,8.9,剧情/动画,tt6867880,日语,日本,明青学园高中部迎来新的学年，上杉达也（三ツ矢雄二 配音）和浅仓南（日高のり子 配音）顺利升入高三。在这新的征程伊始，棒球部的各位却迎来不大不小的风波。西尾教练突然病倒，之前的女经理推部。小南自然不会放任不管，她强烈要求校长让她重新担任棒球部的经理。与此同时，西尾教练也拜托早年毕业于明青学园柏叶英二郎担任代理教练。英二郎严肃冷峻，言语尖刻，被队员们称作魔鬼教练。伴随每一天艰苦严苛的训练，大赛的日子终于临近。通往甲子园的路上，达也和新田明男（井上和彦 饰）宿命的决战即将到来……,1987
1918112,梦幻列车,赛尔乔·卡斯特利托/尼诺·曼弗雷迪/玛丽·特兰蒂尼昂/马可·梅塞里/托马斯·朗曼/多米尼克·皮侬/罗兰·阿姆施图茨/米歇尔·奥蒙/让娜·莫罗/安琪拉·古德温,https://img1.doubanio.com/view/photo/s_ratio_poster/public/p2555194858.jpg,阿瑟·乔菲,8.9,喜剧,tt0099009,法语 / 意大利语,加拿大 / 法国,"A young Italian, living in Paris with his French wife, is about to become a father. Before the baby is born, Alberto must repay his father for every expense from his own birth until he left home. It's a family tradition, virtually a family curse. With little money in hand, he jumps on a train to Italy, the ""Alberto Express,"" to return to his father. During the journey, he tries scheme after scheme to secure a windfall. En route, he also has a magical encounter with generations of his paternal ancestors, each of them adding again and again the sums owed them by their sons.",1990
1769053,克拉姆一家,迪克·凯斯/格伦·利斯·迈斯特,https://img3.doubanio.com/view/photo/s_ratio_poster/public/p2511779823.jpg,斯文·梅斯林,8.9,喜剧/家庭,tt0102240,丹麦语,丹麦,"丹麦男孩克拉姆(Laus Hoybye饰演)是个性格开朗，阳光机灵的小男孩，虽然他不懂女孩子心里在想什么;老师为什么总为难他;班里的死对头总是让他难堪，可他依然热爱生活，就像他爸爸一样。他的爸爸(Laus Hoybye饰演)是他所在学校高年级组的老师，对待学生脾气暴躁，大吼大叫，但是他很爱自己的家庭。爸爸认为小克拉姆在自己的学习上学就应该给其他孩子树立榜样，奈何小克拉姆总总惹出""事端""，甚至是校长办公室的常客，不过这又何妨，老克拉姆对自己的孩子们可不会发脾气。妈妈(Karen-Lise Mynster)正在准备幼儿园培训资格考试，可一大堆家务和每天家里乱哄哄的场面让她很是头疼，虽然她很爱丈夫和孩子们，但是如果你打搅她准备考试的话，她可是要发脾气的。此外，克拉姆还有一个总把""我今天就要搬出这个家""挂在嘴上的姐姐，一个还在上幼儿园的弟弟，一个会搭树屋会做陷阱和机关的好朋友--神秘男孩汤姆(Christian Potalivo饰演)，以及他喜欢的女同学加邻居约莎(Barbara Topsoe-Rothenborg饰演)。",1991
3711737,红圈会,杰锐莱·布莱特,https://img3.doubanio.com/view/photo/s_ratio_poster/public/p2526111553.jpg,莎拉·赫林斯,8.9,悬疑/犯罪,tt0646186,英语,英国,房东太太遭遇诡异房客：没有名字，没有信件，没有访客，足不出户，不允许任何人以任何借口打扰他，一日三餐及所有生活用品必须通过门前的一把椅子来传递，并且吃得极度地少……,1994
3711729,金边夹鼻眼镜,杰锐莱·布莱特,https://img3.doubanio.com/view/photo/s_ratio_poster/public/p2526111015.jpg,彼德·哈蒙德,8.9,悬疑/犯罪,tt0646184,英语,英国,与世隔绝的乡村宅邸里，品行端正，性情温和的秘书被人刺杀在老教授的书房，被害人临终前喃喃地说“教授，是她”！老教授对这个“她”的所指却一无所知。而现场遗留的一副形状奇特的金边夹鼻眼镜，则引起了福尔摩斯的极大兴趣…,1994
1303637,红柿子,陶述/石隽/张世/鲁直/刘若英/赵正平,https://img3.doubanio.com/view/photo/s_ratio_poster/public/p2538697684.jpg,王童,8.9,剧情/家庭,tt0116558,汉语普通话,中国台湾,从大陆撤到台湾的一批将士及其亲属中，有一个来自河南的大家庭。除了将军的跟班福顺和姥姥（陶述 饰）中意的那副齐白石的柿子图意外走散，家里人口总算齐全的到达了台湾。,1996
1292679,春光乍泄,张国荣/梁朝伟/张震,https://img3.doubanio.com/view/photo/s_ratio_poster/public/p465939041.jpg,王家卫,8.9,剧情/爱情/同性,tt0118845,粤语 / 汉语普通话 / 西班牙语,中国香港 / 日本 / 韩国,黎耀辉（梁朝伟）与何宝荣（张国荣）是一对同性恋人，为了有新的开始，他们怀着美丽的梦想（去看南美洲大瀑布）离开香港来到阿根廷，却在布宜诺斯艾利斯迷了路。黎耀辉想安下心来过日子，无奈何宝荣于夜夜笙歌中放纵着自己的生命，以期找寻更多的刺激，只当黎耀辉是他受伤后的港湾，两人分歧 、争吵越来越多，心的距离越来越远。,1997
1293989,十二怒汉,杰克·莱蒙/乔治·C·斯科特/休姆·克罗宁,https://img1.doubanio.com/view/photo/s_ratio_poster/public/p2337734157.jpg,威廉·弗莱德金,8.9,剧情/犯罪,tt0118528,英语,美国,根据1957年同名黑白电影改编而成的电影。名气不大，口碑也不如旧版。在1957年由悉尼．卢曼特执导的《十二怒汉》是探讨美国陪审员制度和法律正义的经典作，本片则是由威廉．弗里德金重新拍摄的电视版，由杰克．莱蒙取代亨利．方达演男主角，其他合演者包括金像奖影帝乔治．C．斯科 特。,1997
1472141,怒海英雄：决斗,艾恩·格拉法德/罗伯特·林德森,https://img3.doubanio.com/view/photo/s_ratio_poster/public/p2278607572.jpg,安德鲁·格里弗,8.9,剧情/战争/冒险,tt0129686,英语 / 法语,英国,17岁少年Hornblower准备在皇家海军大展拳脚，岂料刚踏上船，就遭到蛮横的辛普森，他侮辱Hornblower，而且枪杀路见不平而相助的克莱顿，为避免事态失控，船长把Hornblower派往另一艘战舰，在此舰上，年轻的Hornblower，显示出军事指挥才能屡战屡胜，后来，在一次遭遇战中又碰到原来船上的辛普森，此时，他们间的争斗才刚开始......,1998
1299227,魔法阿妈,文英/许杰辉/莊博文,https://img1.doubanio.com/view/photo/s_ratio_poster/public/p2464404648.jpg,王小棣,8.9,喜剧/动画/奇幻,tt0223391,汉语普通话,中国台湾,台北小孩豆豆（庄博文 配音）因为爸爸出车祸，妈妈要处理后世因此不得不先搬去台南和外表可怕的阿妈（文英 配音）同住。但是不久豆豆就惊奇地发现阿妈其实是拥有制服妖怪法力的驱魔师，鬼怪都很怕她。有一天，由于豆豆的贪玩，一个鬼怪（许杰辉 配音）被放了出来，鬼怪为了对付阿妈，利用豆豆做出了一些伤害阿妈的事情以增强自身的魔力。而在朝夕相处下，豆豆对阿妈的感情也起了变化，阿妈会不会被击败，就在最后关头了，豆豆能否成功帮助阿妈战胜魔鬼就看最后时刻了。,1998
1302633,晚的形状,米夏埃尔·圭斯德克/苏珊妮·博曼/多米尼克·霍卫兹,https://img3.doubanio.com/view/photo/s_ratio_poster/public/p2518031904.jpg,安德里亚斯·德里森,8.9,剧情,tt0136423,德语,德国,故事發生在教宗訪問柏林的那一夜，是一個多線發展的城市寓言。一對遊民男女拾獲了一百馬克，興奮地想找一家飯店享受一個舒服快意的夜晚，無奈教宗的到訪使得這個城市旅社中擠滿了各地來朝聖的人，這段尋找飯店空房的旅程，成為了這對男女感情的考驗。一個善感卻又笨拙的農夫到城市中來找女人，遇到了一個孩子般的妓女，兩人的邂逅與一夜風流，註定了將是無奈而苦悶的結局。一個事業失敗卻強作闊綽的雅痞，在機場因為一場誤會而結識了一個安哥拉男孩，雅痞決定要載送男孩到男孩的親戚家，這一路上這名雅痞雖然歷經殘酷的打擊，幾乎要失去理智，卻也讓他充滿關懷的心掙脫出他冷漠的外表。本片讓演出這個雅痞的東德演員麥可魁斯戴克榮獲本屆影展影帝。,1999
5041030,赛文奥特曼 仿制的男人,南条弘二/山崎勝之/正岡邦夫/古賀亘/鵜川薫/あだち理絵子,https://img3.doubanio.com/view/photo/s_ratio_poster/public/p2509214962.jpg,高野敏幸/満留浩昌,8.9,剧情/动作/科幻,,日语,日本,在東京出現了一些可以實現人類願望，甚至復製人類思想的神殿石柱。据說這些石柱，本來已一萬多年沉沒於海底，今次再現，原來又是外星人策動的計劃。他們把人類的思想複製到石柱去，然後再把思想轉為訊號，利用這些訊號操控機械巨獸，於是地球的 存亡與否，便決定於人類本身思想的好與壞了。一位少女不滿父親無惡不作的所為，於是向石柱許願，把父親邪惡的思想吸掉，結果，喚醒了巨獸邪惡的慾念 ，在地球到處破壞……七星俠為了拯救人類，又要和外星人周旋到底了。,1999
1301777,幻想曲2000,史蒂夫·马丁/伊扎克·帕尔曼/昆西·琼斯/贝特·米德勒/詹姆斯·厄尔·琼斯/佩恩·吉列特/詹姆斯·莱文/安吉拉·兰斯伯瑞/韦恩·艾尔温/托尼·安塞尔莫/露西·泰勒,https://img3.doubanio.com/view/photo/s_ratio_poster/public/p643090411.jpg,詹姆斯·阿尔格/盖坦··布里兹/保罗·布里兹/埃里克·古德伯格/唐·翰,8.9,动画/音乐/奇幻,tt0120910,英语,美国,2000年，早已荣登动画殿堂的迪斯尼经典作品《幻想曲》以全新的面貌重现世人面前，主要曲目为：1）贝多芬：第五号交响曲（Symphony No.5）（命运）、2）雷斯庇基：罗马之松（Pines of Rome）、3）格什温：蓝色狂想曲（Rhapsody in Blue）、4）肖斯塔科维奇：第二号钢琴协奏曲——快版（Piano Concerto No. 2，Allegro，Opus 102）、5）圣桑：动物狂欢节（Carnival of the Animals）、6）杜卡：《魔法师的学徒》（The Sorcerer's Apprentice）、7）艾尔加：威风凛凛进行曲（Pomp & Circumstance）、8）斯特拉文斯基：火鸟组曲（Firebird Suite）。除《魔法师的学徒》直接取自旧版外，其他曲目均为全新收录。,1999
3117778,魔卡少女樱剧场版：被封印的卡片,丹下樱/熊井统子/久川绫/小野坂昌也/绪方惠美/岩男润子/野上尤加奈/佐佐木望/关智一/筱原惠美/田中秀幸/伊藤美纪/小西克幸/川上伦子/本井英美/松本美和/宫崎一成/坂本真绫,https://img3.doubanio.com/view/photo/s_ratio_poster/public/p453989041.jpg,浅香守生,8.9,喜剧/爱情/动画/奇幻/冒险,tt0301083,日语,日本,自从艾力欧走后，友枝町又恢复了宁静。无法目睹到小樱（丹下樱 配音）收复卡片英姿的知世（岩男润子 配音）找来了DV，自己弄起了特摄剧。在看录像带的过程中，小樱看到了小狼（熊井素子 配音）的影像，不经红了脸。小狼回到香港已经四个月了，距离小狼告白也有四个月了。这期间小樱一直模拟着告白，希望下次再见到小狼时，当面告诉他。,2000
2056627,意志的考验,肯尼思·布拉纳/艾伯丝·戴维兹/伊芙·贝斯特,https://img3.doubanio.com/view/photo/s_ratio_poster/public/p1471058465.jpg,查尔斯·斯特里奇,8.9,剧情,tt0272839,英语 / 挪威语 / 德语,英国,1914-1916年的帝国穿越南极探险队,2002
3228421,鲁邦三世Episode：0 初次交锋,栗田贯一/小林清志/咲野俊介/小杉十郎太/永井一郎/池田胜/大木民夫/朴璐美/增山江威子/井上真树夫/纳谷悟朗/森山周一郎,https://img3.doubanio.com/view/photo/s_ratio_poster/public/p2522070272.jpg,大原実Minoru Ohara,8.9,喜剧/动作/动画/悬疑/犯罪,tt0827737,法语 / 日语,日本,在鲁邦，不二子，次元，五右卫门都还互不认识的时候，四人都还只是在各自的空间内冒险。直到一个记录着超硬材料配方的卷轴将他们联系到一起……,2002
2023849,主要嫌疑犯6：唯一证人,海伦·米伦/欧列格·缅希科夫/马克·斯特朗,https://img3.doubanio.com/view/photo/s_ratio_poster/public/p2453428086.jpg,汤姆·霍珀,8.9,剧情/犯罪,tt0365651,English,英国,"The story finds Tennison, 54, now a high-ranking Detective Superintendent at the London Metropolitan Police, managing the big picture on dozens of murder investigations. But Jane can't resist taking a hands-on role investigating the brutal torture and murder of a young Bosnian refugee.",2003
1466198,响舞,萨拉·巴拉斯/安东尼奥·卡洛斯,https://img1.doubanio.com/view/photo/s_ratio_poster/public/p551031558.jpg,卡洛斯·绍拉,8.9,歌舞,tt0443057,西班牙语,西班牙 / 法国,年逾七十的索拉已拍過多次音樂舞蹈電影，被譽為真正的“歌舞片大內高手”，連《紅磨坊》Moulin Rouge導演巴茲魯曼的成名作《舞國英雄》Strictly Ballroom也受他啟發。05年的作品《嚮舞》Iberia是他第六度以佛朗明哥為題材的電影，但精力旺盛的他只要登高一呼，在全世界各大音樂廳表演的西班牙大師級舞蹈家及音樂家們，必定放下手邊工作，飛回西班牙參與影片的拍攝。,2005
3136375,反叛的鲁路修特别篇：暗黑的背叛,福山润/樱井孝宏/野上尤加奈,https://img3.doubanio.com/view/photo/s_ratio_poster/public/p2200283334.jpg,谷口悟朗,8.9,动画,tt3611122,日语,日本,06年10月起在MBS、TBS系電視台放送的TVA動畫《叛逆的魯路修》，因其衝擊性的內容以及超高的人氣，而決定制作續篇。續篇將會制作成DVD版的動畫，發售日確定為08年2月22日，續篇名為《Code Geass 叛逆的魯路修特別篇暗黑的反叛》。特別篇的故事內容以TV全25話為主，以魯路修的視點重新領略TV版的內容，總時長為120分鐘。,2008
3072124,玛丽和马克思,托妮·科莱特/菲利普·塞默·霍夫曼/巴瑞·哈姆弗莱斯/艾瑞克·巴纳/贝塔尼·维特莫尔/蕾妮·盖耶/伊恩·莫利·梅尔德伦/朱莉·福塞斯/约翰·弗劳思/克里斯托弗·马西/卡罗琳·莎士比亚-艾伦/琳恩·史密斯,https://img1.doubanio.com/view/photo/s_ratio_poster/public/p1820615077.jpg,亚当·艾略特,8.9,剧情/喜剧/动画,tt0978762,英语 / 意第绪语,澳大利亚,1976年，8岁的玛丽·黛西·丁格尔（贝丝妮·惠特摩尔 Bethany Whitmore 配音）是澳大利亚墨尔本的一个小女孩，喜欢动画片“诺布利特”、甜炼乳和巧克力。玛丽的妈妈是个酒鬼，而在茶叶包装厂工作的父亲平日只喜欢制作鸟标本。孤独的玛丽没有朋友，某一天心血来潮给美国纽约市的马克思·杰瑞·霍罗威茨（菲利普·塞默·霍夫曼 Philip Seymour Hoffman 配音）写了一封信询问美国小孩从哪里来，并附上一根樱桃巧克力棒。44岁的马克思患有自闭症及肥胖，碰巧也喜欢看“诺布利特”动画片及吃巧克力。二人的笔友关系从1976年维持到1994年，期间各自经历了许多人生起伏，直到成年的玛丽（托妮·科莱特 Toni Collette 配音）终于来到纽约看望马克思……,2009
1291879,罗生门,三船敏郎/千秋实/京町子/森雅之/志村乔,https://img1.doubanio.com/view/photo/s_ratio_poster/public/p1864872647.jpg,黑泽明,8.8,剧情/悬疑/犯罪,tt0042876,日语,日本,罗生门，日本京都的正南门。云游和尚、砍柴人和乞丐在城门底下避雨，三人闲聊，话题开始，故事的序幕拉开：一个武士和他妻子路过荒山，遭遇了不测。妻子被侮辱，而武士惨遭杀害。惨案如何酿成？凶手、妻子、借武士亡魂来做证的女巫，都各有说法。,1950
1420080,悲惨世界,让·迦本/布尔维尔/费尔南·勒杜/西尔维亚·蒙福尔/丹尼尔·德洛姆/贝尔纳·布里埃,https://img3.doubanio.com/view/photo/s_ratio_poster/public/p2164568451.jpg,让-保罗·勒沙努瓦,8.8,剧情,tt0050709,法语,法国 / 东德 / 意大利,十九世纪的巴黎，贫困的冉•阿让（Jean Gabin）因为偷一块面包被判处十九年的苦役。出狱后，走投无路的他被好心的主教（René Fleur）收留过夜，可是他却偷走了主教的银器。警察将他抓获，准备再次将他投入监狱，临危之际，主教的谎言将他拯救，他也得到感化，化名开始了洗心革面的生活。,1958
2059622,女驸马,严凤英/王少舫/潘璟琍/张云风,https://img3.doubanio.com/view/photo/s_ratio_poster/public/p2228659315.jpg,刘琼,8.8,剧情/爱情/戏曲,,汉语普通话,中国大陆,黄梅戏电影。,1959
1292574,热情如火,玛丽莲·梦露/托尼·柯蒂斯/杰克·莱蒙/乔治·拉夫特/帕特·奥布莱恩/乔·E·布朗/内赫米亚·佩尔索夫/琼·肖丽/乔治·E·斯通/戴夫·巴里/迈克·马祖尔凯/哈里·威尔逊/贝弗利·威尔斯/芭芭拉·德鲁/小爱德华·G·罗宾逊,https://img3.doubanio.com/view/photo/s_ratio_poster/public/p860250155.jpg,比利·怀德,8.8,喜剧,tt0053291,英语,美国,1930年代，动荡的芝加哥时常被强盗集团骚扰。乔（托尼•柯蒂斯）和杰利（杰克•莱蒙）本是乐团成员，两人因偶然目睹盗匪史巴克的手下在车库内射杀告密者而被穷追不舍。走投无路之下，他们男扮女装加入一女性乐团，并随该团来到迈阿密。,1959
1469105,阿尔卡特兹的养鸟人,伯特·兰卡斯特/卡尔·莫尔登/瑟尔玛·瑞特/内维尔·布兰德/贝蒂·菲尔德,https://img3.doubanio.com/view/photo/s_ratio_poster/public/p2177272586.jpg,约翰·弗兰克海默,8.8,剧情/传记,tt0055798,英语,美国,监狱电影中的代表作，改编自真人真事。桀骜不驯的青年劳勃斯．特劳德被判终身监禁，某日有一只生病的小鸟飞进他的牢房，在他细心呵护下竟然将小鸟医好了。他从此在狱中发奋研究，成为国际知名的鸟类学家。期间他要对抗过分保护他的母亲和粗暴的监狱长，也依旧不改其志，最后透过作家汤姆．加迪斯将他的传奇故事流传于世。导演约翰．弗兰肯海默以严谨手法诠释这个基本上相当静态的故事，虽然没有一般逃狱电影的紧张刺激动作，但气氛依旧紧凑动人。兰卡斯特充分掌握住主人翁的气质和感情，扮演狱友的特利．萨瓦莱斯亦十分抢戏。,1962
3032535,如此爹娘,杨华生/绿杨/笑嘻嘻/沈一乐,https://img3.doubanio.com/view/photo/s_ratio_poster/public/p2554774114.jpg,张天赐,8.8,剧情,tt2084079,沪语,中国大陆,孙平夫妇有一子名小宝，孙妻百般溺爱，孙平又不能以身作则，因而对小宝的教育收效甚微。邻居蒋福根有一子阿龙，蒋对孩子动辄打骂，蒋母又对孙子一味袒护。由于家庭教育不当，小宝、阿龙打架、逃学、偷窃财物、离家出走。在学校和社会的帮助下，孩子认识错误，走上正路，家长们也从中吸取了教训。1962年大众滑稽剧团首演。1963年上海海燕电影厂拍摄成电影(易名《如此爹娘》)。1981年上海市人民滑稽剧团复演。,1963
1322848,奇爱博士,彼得·塞勒斯/乔治·C·斯科特/斯特林·海登/詹姆斯·厄尔·琼斯/格伦·贝克,https://img3.doubanio.com/view/photo/s_ratio_poster/public/p835946292.jpg,斯坦利·库布里克,8.8,剧情/喜剧,tt0057012,英语 / 俄语,美国 / 英国,美国空军将领杰克•瑞（斯特林·海登 Sterling Hayden 饰）怀疑苏共的“腐朽思想”正在毒害“正直善良”的美国人民，他于是下令携带核弹头的飞行部队前往苏联，对敌人进行毁灭性的核打击。苏联方面得知此事，立即致电美国总统墨尔金•马夫雷（彼得·塞勒斯 Peter Sellers 饰），并威胁如若领土遭到攻击，苏联将不惜一切代价按下“世界末日装置”。该装置的威力足以摧毁地球上所有的生命。,1964
1292571,1776,威廉·丹尼尔斯/霍华德·达·席尔瓦/肯·霍华德/约翰·卡伦,https://img3.doubanio.com/view/photo/s_ratio_poster/public/p2390200200.jpg,彼得·H·亨特,8.8,剧情/歌舞/家庭/历史,tt0068156,英语,美国,时值1776年，美国独立战争刚刚开始，国会一片混乱。约翰·亚当斯作为激进的政治家是国会的活跃分子，他积极地提出取得殖民地独立，建立美利坚联合国，并获得同是国会议员的富兰克林和杰斐逊的支持。提议一经提出，就遭到了近一半的国会议员的反对，尤其是以特拉华为首的一些顽固的保守主义者坚持认为，美国作为英国的殖民地，在英国的庇护下是最好的选择。而此时，英军已攻占纽约，与对方作战的华盛顿将军从前线带来的如供给不足、士兵气势不佳等坏消息，更给了他们足够的理由，反对美国独立。,1972
1477317,悲伤的贝拉多娜,长山蓝子/仲代达矢/中山千夏,https://img1.doubanio.com/view/photo/s_ratio_poster/public/p619682399.jpg,山本映一,8.8,剧情/动画/奇幻,tt0071203,日语,日本,美丽的贝拉多娜于新婚之际被领主夺去贞洁，丈夫在她憔悴归来之后却无安慰，贝拉多娜哀怨的身体召唤出恶魔，给予她慰藉。不久战争爆发，镇中壮丁随领主出征，贝拉多娜在丈夫一蹶不振之后凭神秘的能力维持城堡的供应，招来领主夫人妒恨，终被收监。身形愈发庞大的黑色恶魔到来，带走贝拉多娜，用瘟疫吞噬了茫茫大地，贝拉多娜用自己的特异能力解救人民，领主却再一次加害于她……,1973
1298672,阿玛柯德,普佩拉·玛奇奥/阿尔曼多·布兰恰/玛加丽·诺尔/奇乔·因格拉西亚/南多·奥尔费伊/布鲁诺·扎宁/吉安菲利波·卡尔卡诺/约瑟琳·坦齐利/玛利亚·安东涅塔·贝卢齐,https://img3.doubanio.com/view/photo/s_ratio_poster/public/p771183436.jpg,费德里科·费里尼,8.8,剧情/喜剧,tt0071129,意大利语 / 希腊语,意大利 / 法国,◎1975奧斯卡最佳外語片,1973
1302543,心魔劫,乔安娜·伍德沃德/莎莉·菲尔德/布拉德·戴维斯,https://img3.doubanio.com/view/photo/s_ratio_poster/public/p2509518124.jpg,丹尼尔·皮特里,8.8,剧情/传记,tt0075296,英语,美国,"The true story of a young woman named Sybil, whose childhood was so harrowing to her that she developed at least 13 different personalities.",1976
1417034,寅次郎的故事25：寅次郎芙蓉花,渥美清/倍赏千惠子/浅丘琉璃子,https://img3.doubanio.com/view/photo/s_ratio_poster/public/p919811575.jpg,山田洋次,8.8,喜剧,tt0081288,日语,日本,寅次郎收到莉莉從沖繩寄來的信，原來她在夜總會唱歌時暈倒入院，還說：「臨死前，很想見寅一面」。寅馬上趕到沖繩照顧莉莉，縱然闊別了五年，兩人的感情有增無減，莉莉休養期間，寅更隨傳隨到，旁人都以為他們是夫妻……淺丘瑠璃子演的莉莉第三度登場，叫寅再三考慮「結婚問題」。山田自言「這是我最愛的作品之一」，渥美清去世後，山田在《男人之苦》系列中只選了本片(加插新片段)推出特別版來紀念這位一代巨星。,1980
2240587,天鹅湖,竹下景子/志垣太郎/小池朝雄/麻上洋子/白石冬美/松金米子/中西妙子/八奈见乘儿/村山明/麦人/川岛千代子/中野圣子,https://img3.doubanio.com/view/photo/s_ratio_poster/public/p456771675.jpg,矢吹公郎,8.8,爱情/动画/奇幻,tt0078349,日语,日本,中世纪欧洲，英俊潇洒的齐格菲尔德王子到了适婚年龄，爱子心切的王后为他举行盛大的舞会，并邀请邻国的公主参加。受童年的一段记忆所影响，齐格菲尔德一心寻找一位宛如白色天鹅般圣洁、美丽、脱俗、优雅的女子当作伴侣，然而眼前的公主们却无一不流露着庸俗的气质。舞会前夜，他邂逅了白天鹅 变化而来的美丽女子奥杰塔，并得知她的悲惨身世。原来邪恶的猫头鹰罗德巴尔为了霸占美丽的公主奥杰塔，而将其变化成天鹅，只有对公主拥有真爱的人才可将她解救出来。深深陷入爱恋的齐格菲尔德邀请奥杰塔参加第二天的舞会，决定用爱情战胜罗德巴尔的魔法。但是，邪恶的夜之幽灵如何肯放过这个纯洁美丽的女子……,1981
1300894,城南旧事,沈洁/张丰毅/张闽/郑振瑶/严翔,https://img3.doubanio.com/view/photo/s_ratio_poster/public/p2178268394.jpg,吴贻弓,8.8,剧情,tt0085326,汉语普通话,中国大陆,本片根据林海音的同名短篇小说改编。,1983
1296196,乱,仲代达矢/寺尾聪/根津甚八/隆大介/野村万斋,https://img3.doubanio.com/view/photo/s_ratio_poster/public/p2324366931.jpg,黑泽明,8.8,剧情/动作/战争,tt0089881,日语,日本 / 法国,一文字秀虎（仲代达矢饰）征战多年，手段残忍。在七十岁时，秀虎准备将家业一分为三，由三个儿子分掌大权。他把太郎孝虎（寺尾聪饰）、次郎正虎（根津甚八饰）、三郎直虎（隆大介饰）叫到跟前，以“支箭会断，砚支箭折不断”喻语告诫三兄弟，嘱咐他们要休戚与共。三郎当场把三支箭横在膝上折断，以抗议父亲枉经乱世，而不知人情。秀虎大怒，将三郎驱逐出境。三郎遂到邻国入赘为婿。,1985
2340946,对花枪,马金凤/任四亮/李广海,https://img1.doubanio.com/view/photo/s_ratio_poster/public/p2523469347.jpg,林丰/李广海,8.8,动作/戏曲,,河南方言,中国大陆,隋末，瓦岗寨义军的营外忽然有人要与罗义认亲，罗义拒认，反诬是杨林派来的奸细。程咬金察出其中必有蹊跷，亲往南营视察。姜桂枝终于说出原委。原来，四十年前，罗艺赶考途中发病，被河南南阳姜家集员外带回家中调养，其女姜桂枝一见倾心，在父母应允下，与罗艺结为夫妻。后来，由于战乱，夫妻分离。罗艺因战功卓著成为隋朝大将，并另娶妻生子罗成。程咬金巧妙安排，使罗艺亲自出战，大败姜桂枝的花枪之下。罗艺理屈词穷，只得认错，结发夫妻重新团圆。,1985
1305261,恐怖分子,缪骞人/李立群/金士杰/顾宝明/刘明/王安/马邵君/吕德明/游安顺/黄嘉晴/萧智文/洪善群/施明扬/朱凤岗/倪重华,https://img1.doubanio.com/view/photo/s_ratio_poster/public/p2347245849.jpg,杨德昌,8.8,剧情/犯罪,tt0091355,汉语普通话 / 闽南语,中国台湾,老顾（顾宝明 饰）率领警察捣毁一个贼窝，唯一跳窗逃走的女孩淑安腿骨折断，被路过的男孩小强送去医院。,1986
1293456,莫里斯,詹姆斯·维尔比/休·格兰特/鲁珀特·格雷夫斯/丹霍姆·艾略特/西蒙·卡洛/比莉·怀特劳/巴里·福斯特/朱迪·帕瑞福特/菲比·尼克尔斯/帕特里克·戈弗雷/马克·坦迪/本·金斯利/姬蒂·奥尔德里奇/凯瑟琳·拉贝特,https://img3.doubanio.com/view/photo/s_ratio_poster/public/p2455549510.jpg,詹姆斯·伊沃里,8.8,剧情/爱情/同性,tt0093512,英语,英国,1908年的剑桥，他们相遇，心中隐约情动。那时的克里夫（休•格兰特 Hugh Grant 饰）和莫里斯（詹姆斯•威尔比James Wilby 饰）还是青葱年岁，克里夫终于突破同性禁忌向莫里斯吐露爱意，莫里斯欣然接受，甚至爱得比克里夫还要真诚炽热。在克里夫选择了仕途而放弃这段感情时，莫里斯仍然坚守。他在等待克里夫回来，却只等到了他和一个贵族女子的婚姻。,1987
1478041,金色小提琴,卡梅隆·达多/约翰·贝西,https://img1.doubanio.com/view/photo/s_ratio_poster/public/p2531221029.jpg,克劳德·福涅尔,8.8,剧情,tt0098806,英语,澳大利亚 / 加拿大,A heartwarming story for all the family told in four hours from the South Australian Film Corporation.,1991
1302789,鹳鸟踟蹰,马塞洛·马斯楚安尼/让娜·莫罗,https://img3.doubanio.com/view/photo/s_ratio_poster/public/p2555194553.jpg,西奥·安哲罗普洛斯,8.8,剧情/爱情,tt0102439,法语 / 英语 / 希腊语,法国 / 意大利 / 希腊 / 瑞士,故事发生在希腊边境，有人说它是一部关于世纪末的绝望的电影。它关注的是在东欧共产主义没落和苏联解体后，当代的边境、难民和变迁的问题。,1991
1292230,刺杀肯尼迪,凯文·科斯特纳/茜茜·斯派塞克/汤米·李·琼斯/乔·佩西/加里·奥德曼/凯文·贝肯/杰克·莱蒙/唐纳德·萨瑟兰,https://img3.doubanio.com/view/photo/s_ratio_poster/public/p967284986.jpg,奥利佛·斯通,8.8,剧情/悬疑/惊悚/传记/历史,tt0102138,英语,美国 / 法国,肯尼迪的遇刺成为了一桩美国历史上的悬案，电影重新审视了那一段历史，到底杀手是一个普通人，还是整个庞大的政治阴谋，真相和幻象，都在调查中渐渐露出端倪。,1991
1294753,追梦赤子心,西恩·奥斯汀/乔恩·费儒/尼德·巴蒂/查尔斯·达顿/莉莉·泰勒/文斯·沃恩,https://img1.doubanio.com/view/photo/s_ratio_poster/public/p452578349.jpg,大卫·安斯鲍夫,8.8,剧情/传记/运动,tt0108002,英语,美国,《Rudy》是改编自丹尼尔· 鲁迪的真人真事。,1993
1298468,邮差,菲利普·努瓦雷/马西莫·特洛伊西/玛丽亚·格拉齐亚·库奇诺塔/雷纳托·斯卡帕/琳达·莫雷蒂,https://img1.doubanio.com/view/photo/s_ratio_poster/public/p2537507687.jpg,迈克尔·莱德福/马西莫·特洛伊西,8.8,剧情/喜剧/爱情/传记,tt0110877,意大利语 / 西班牙语,意大利 / 法国 / 比利时,马里奥（马西莫•特罗西 Massimo Troisi 饰）是一个渔民的儿子，他并不喜欢大海，却当上了邮递员，专门负责小岛上信件的发送。,1994
1304476,独立时代,陈湘琪/王柏森/邓安宁/李芹/王维明/倪淑君/陈以文/金燕玲/金士杰/鸿鸿,https://img1.doubanio.com/view/photo/s_ratio_poster/public/p2416432789.jpg,杨德昌,8.8,剧情,tt0109685,汉语普通话 / 闽南话,中国台湾,Birdy（王也明）、Molly（倪淑君）、琪琪（陈湘琪）、小明（王维明）四个大学同学毕业后做着不同的工作，表面光鲜程度虽有异，都有身份转变（由学生到社会人）时期的尴尬。而这其中最难做人的，是夹在好友Molly与男友小明之间的琪琪，她只能暗自努力，以期好友、男友的事业与生活能有所改观，三人的关系能有所改善，却得到双方的误会。,1994
1293237,变脸,朱旭/周任莹/赵志刚/张瑞阳,https://img3.doubanio.com/view/photo/s_ratio_poster/public/p753434191.jpg,吴天明,8.8,剧情,tt0115669,汉语普通话,中国大陆 / 中国香港,江湖艺人变脸王（朱旭 饰）孑然一身，以船为家，因恪守传男不传女、传内不传外之祖规，一手绝活面临失传。在活观音梁素兰（赵志刚 饰）惜才提点下，变脸王终生传承衣钵之愿。他用五枚大洋买下机灵的狗娃（周任莹 饰）。初时祖孙相处融洽，一场出街意外却令狗娃女儿身暴露。恼怒的变脸王意欲赶走狗娃，拗不过其苦苦相求，遂改自称“老板”，两人依旧搭伙卖艺。朝夕相处间，变脸王虽欣慰于狗娃孝顺懂事，碍于其女娃身份并不传授变脸绝活。按捺不住好奇的狗娃夜半偷看脸谱，失手引发船火，两人栖身之所烧毁殆尽。狗娃自感无颜，悄然离去，但心中始终感念变脸王的恩情。却不知，这份恩情有一日需要她以命相报，变脸绝活也终因此得以流传……,1996
1458035,贤治之春,佐野史郎/国府田真里子/磯部弘/大塚周夫/平井直子/藤村恵一,https://img1.doubanio.com/view/photo/s_ratio_poster/public/p2503210039.jpg,河森正治,8.8,剧情/动画/传记,tt0223503,日语,日本,監督・脚本：河森正治,1996
1438746,相约星期二,杰克·莱蒙/汉克·阿扎利亚/温迪·莫尼兹/卡罗琳·阿隆/邦妮·芭利特/约翰·卡洛·林奇,https://img1.doubanio.com/view/photo/s_ratio_poster/public/p2135946487.jpg,米克·杰克逊,8.8,剧情/传记,tt0207805,英语,美国,米奇·艾尔邦（汉克·阿扎利亚 Hank Azaria饰），一位疲于奔命的体育解说员和新闻记者。他每日都陷入无止境的工作中拼命赚钱，却弄得身心疲惫。米奇不但忽略了他的女友，更忘记了当年初出校门时的热情和理想。直到某天，米奇在电视中无意间看到自己大学时代的教授莫瑞·施瓦兹（杰克·莱蒙 Jack Lemmon饰）的电视采访。莫瑞教授在访谈中说出自己罹患了“肌肉萎缩性侧索硬化症”，每天都挣扎在死亡的边缘，痛苦不堪。为了见上一面不久于人世的老师，米奇开始了每周二下午的最后十四堂课。,1999
1293359,菊次郎的夏天,北野武/关口雄介/岸本加世子/グレート義太夫/井手博士/磨赤儿/大家由祐子/细川典江/今村鼠/田中要次,https://img3.doubanio.com/view/photo/s_ratio_poster/public/p751835224.jpg,北野武,8.8,剧情/喜剧,tt0199683,日语,日本,暑假到来，自幼丧父的小学三年级学生正男（关口雄介饰），如今和奶奶生活在一起，暑假特别无聊。他拿出母亲从外地寄回的信，准备自己一个人去爱知县丰桥市看望母亲。,1999
1306464,蝴蝶的舌头,费尔南多·费尔南·戈麦斯/吉列尔莫·托莱多,https://img3.doubanio.com/view/photo/s_ratio_poster/public/p562145754.jpg,何塞·路易斯·奎尔达,8.8,剧情/战争,tt0188030,西班牙语 / 拉丁语,西班牙,1936年的西班牙夏天，8岁的莫曹第一天上课便拉尿，弄得全班哄堂大笑，唯有老师安慰解难，小莫曹才可释怀。友情亦从这天开始。二人走到效外扑蝶捕虫，在日光下讲文学说自然，不亦乐乎。日光再强也挡不住政治的阴霾——西班牙内战，老师的政见政绩，顷刻成为众矢之的……,1999
1305863,抛开自我空间,艾玛·汤普森/克里斯托弗·洛伊德/艾琳·阿特金斯/奥德拉·麦克唐纳/乔纳森·M·伍德沃德/哈罗德·品特,https://img3.doubanio.com/view/photo/s_ratio_poster/public/p2503536751.jpg,迈克·尼科尔斯,8.8,剧情,tt0243664,英语,美国 / 英国,薇薇安（艾玛·汤普森 Emma Thompson 饰）是一位学识渊博的博士，让年轻的她没有想到的是，上帝竟然给对生活和学术充满了热情的自己开了一个天大的玩笑，经过医生的确证，她患上了卵巢癌，病情已经发展到了末期，几乎没有治愈的可能。,2001
1876753,理发师陶德演唱会,乔治·赫恩/尼尔·帕特里克·哈里斯,https://img3.doubanio.com/view/subject/l/public/s11164632.jpg,隆尼·普莱斯/哈罗德·普林斯,8.8,剧情/惊悚/音乐/歌舞/舞台艺术,tt0300536,英语,美国,"This movie is a recorded performance in concert. It all begins when Benjamin Barker( George Hearn), a mysterious,quiet,and subtle barber, returns to his hometown in London after escaping from a prison in Australia with help from a young sailor named Anthony. Now Sweeney Todd, he returns to his home where he and his wife Lucie and daughter Johanna used to live. When he arrives he meets Mrs. Nellie Lovett(Patti Lupone), a lonely woman who owns a down and out pie shop, and discovers that his wife has poisoned herself and the judge that unfairly punished him is responsible and the judge also has his daughter. So then Sweeney plots his revenge on the judge and his accomplice the Beadle and with help from Mrs. Lovett he re-opens his barber shop and vows to give the judge the closest shave he will ever know and give Mrs. Lovett a tasty new ingredient for her homemade meat pies. --- （Written by Thomas ）",2001
2084602,爱尔丝小姐,朱莉·德拉姆/贝亚特丽丝·阿热南/沃尔夫冈·许布施,https://img1.doubanio.com/view/photo/s_ratio_poster/public/p2153966838.jpg,皮埃尔·布特龙,8.8,剧情,tt0378288,法语 / 德语,法国 / 奥地利 / 德国,布劳恩是维也纳一位有名的律师，膝下一个漂亮的女儿，名叫爱尔丝。布劳恩因经济拮据挪用孤儿善款被发现，检察长限他三天内归还钱款，不然将受到指控。,2002
1439730,佩拉斯卡,卢卡·津加雷蒂/热罗姆·昂热/阿曼达·桑德雷莉/弗兰科·卡斯特拉诺/马洛可·伯尼尼,https://img3.doubanio.com/view/photo/s_ratio_poster/public/p2529022316.jpg,阿尔贝托·内格林,8.8,剧情/传记/历史,tt0278017,意大利语,意大利 / 法国 / 瑞典 / 匈牙利,在二战快要结束的1944年，纳粹法西斯继续在欧洲大肆残杀犹太人。佩拉斯卡原是位从事过贸易活动也参过战的意大利商人，面对满目的硝烟和战火，他的良心受到强烈震撼，舍弃与家人团聚的幸福，并投入自己所有的资金，开始想尽办法挽救犹太人的生命。这位机智而勇敢的中年男人利用各种机会，有时以金钱作为诱饵，有时凭借自己的口才据理力争，有时甚至装扮成西班牙外交官，在纳粹统治的夹缝中拯救了许多无辜的民众。,2002
1292347,黑客帝国动画版,大塚明夫/克莱顿·华生/帕梅拉·阿德龙/海蒂·布雷斯/特伦斯·卡森/美琳达·克拉克/奥利薇亚·阿波,https://img3.doubanio.com/view/photo/s_ratio_poster/public/p1185327352.jpg,钟彼得/川尻善昭/小池健/前田真宏/森本晃司/渡边信一郎,8.8,剧情/动作/科幻/动画,tt0328832,英语 / 日语,美国,《黑客帝国动画版》由9段以《黑客帝国》系列电影世界观为基础生发出的短片组成，各篇的角度与风格各异，制作班底汇聚了日本、美国、韩国三地的动画精英。《机器复兴》讲述了MATRIX的历史。机器人不堪人类恶劣对待，终于反抗并将人类化为能源。《少年故事》讲述一名少年突然收到来自网络的召唤，而大批黑衣人开始对他展开围捕。《虚拟程序》展示了一对男女在虚拟训练程序中的片断。《世界纪录》描写一位短跑运动员在接近突破人类极限时终被系统牢牢控制。《超越极限》叙述因为系统错误，平静的街区中出现了一片超常区域。《侦探故事》描写一位侦探被步步引领着试图摆脱系统的桎梏。《矩阵化》讲述一只机器人被人类捕获并驯化的故事。《终极战役》记录了一艘飞船毁灭的经过。,2003
1889707,怒海英雄：责任,艾恩·格拉法德/罗伯特·林德森/保罗·麦甘恩,https://img3.doubanio.com/view/subject/l/public/s4632732.jpg,安德鲁·格里弗,8.8,剧情/战争/冒险,tt0352410,英语,英国,在《责任》里继续着《忠诚》留下的，Hornblower和Maria结婚了。他结婚第二天，就航海去法国的海岸去找失踪的船。当他在暴风雪里面，营救了法国人和他美国夫人，Hornblower发现自己介于了法国老派发对者和英国的有手腕的外交官之间。,2003
3306095,鲁邦三世：宝物返还大作战,栗田贯一/小林清志/增山江威子/井上真树夫/纳谷悟朗/山寺宏一/北村弘一/五十岚丽/八奈见乘儿/松岡文雄 Matsuoka Fumio,https://img3.doubanio.com/view/photo/s_ratio_poster/public/p2528236430.jpg,川越淳/柏原寛司,8.8,喜剧/动作/动画/犯罪/冒险,tt0834585,日语,日本,老前辈麦克留下遗言：要求鲁邦在7天内把麦克职业生涯中偷到的几件有趣的宝物物归原处，回报是一颗关联着更大宝物的钻石……,2003
3040045,归乡,西島秀俊/片岡礼子/守山玲愛,https://img1.doubanio.com/view/photo/s_ratio_poster/public/p864817828.jpg,萩生田宏治,8.8,喜剧,tt0440543,日语,日本,再婚する母親（吉行和子）の結婚式に出席するために帰省した主人公の晴男（西島秀俊）は、昔の恋人深雪（片岡礼子）と再会する。 彼女には小学生になる娘チハル（守山玲愛）がいた。晴男はチハルと小さな旅に出る。,2004
1578507,谍影重重3,马特·达蒙/朱丽娅·斯蒂尔斯/大卫·斯特雷泽恩/斯科特·格伦/帕迪·康斯戴恩/埃德加·拉米雷兹/阿尔伯特·芬尼/琼·艾伦/克里·约翰逊/丹尼尔·布鲁尔/乔伊·安沙/科林·斯廷顿/丹·弗雷登堡,https://img1.doubanio.com/view/photo/s_ratio_poster/public/p792223507.jpg,保罗·格林格拉斯,8.8,动作/悬疑/惊悚,tt0440963,英语 / 法语 / 阿拉伯语 / 俄语 / 西班牙语,美国 / 德国,失去了心爱的女人，波恩（马特•戴蒙 饰）面临更为艰难的日子，他努力回忆，却只能在睡梦中被脑海里一知半解的闪回所惊醒，依然无法记起自己的身份。,2007
4022125,白方礼,黄少泉/马芸芸,https://img1.doubanio.com/view/subject/l/public/s4659127.jpg,马建军,8.8,剧情/传记,,汉语普通话,中国大陆,天津74岁的老三轮车工人白方礼回到了老家，他看到孩子们大冬天的在外面不上学，玩娶媳妇的游戏，经打听才知道学校教室塌了，老师也离开了，好多孩子也上不起学，他一边把养老的五千块钱拿出来修学校，一边回到天津重操旧业瞪起了三轮车，他靠蹬三轮车挣钱支援教育，他不分昼夜、不分季节，14年过去了，他不但给老家修了学校，还资助了300多名贫困的大学生，他老了，88岁的白方礼蹬不动车了，他就帮人家看汽车，在一个寒类的冬季，他捐出了他支教生涯中的最后一笔钱。,2008
3098844,长假,万芳/澎恰恰/汪政纬,https://img3.doubanio.com/view/photo/s_ratio_poster/public/p2153135246.jpg,郑芬芬,8.8,剧情/家庭,,汉语普通话 / 闽南话,中国台湾,假期之所以令人嚮往，是因為你知道會有回家的一天。如果假期之後回不了家，你會怎麼面對這段假期呢？,2008
4848115,你看起来好像很好吃,山口胜平/爱河里花子/加藤清史郎/原田知世/川岛得爱/折笠富美子/桐本拓哉/別所哲也/矢田稔/川村万梨阿/高乃丽/小室正幸/江川央生/志村知幸/胜沼纪义/井田国男/宫西达也/宫西美奈子,https://img1.doubanio.com/view/photo/s_ratio_poster/public/p2554167519.jpg,藤森雅也,8.8,剧情/动画/儿童,tt1734113,日语,日本,哈特（山口胜平 饰）是一只被草食性恐龙养大的霸王龙。其实，早在它破壳而出时，草食性恐龙的首领就曾命令哈特的母亲（原田知世 饰）抛弃它，但母亲却最终还是偷偷把它养大。随着年龄的增长，每天只吃野果的哈特每天饥饿难耐，最终还是抵不住本能的驱使，开始了自己食肉的残暴生涯。然而，由于母亲的影响，在哈特的内心深处，始终涌动着一颗善良的心灵。一天，偶尔遇到一只破壳而出的食草恐龙宝宝，哈特阴差阳错的被恐龙宝宝误认为是“爸爸”，而且为小恐龙取名为“很美味”，自此开始了又一段奇异的恐龙父子情。然而，伴随着生存环境的恶化，恐龙们的生存遭受着前所未有的破坏，哈特和它的亲人最终能否经得起考验……,2010
3335464,交响情人梦 最终乐章 后篇,上野树里/玉木宏/瑛太/水川麻美/小出惠介/竹中直人/岩松了,https://img3.doubanio.com/view/photo/s_ratio_poster/public/p612362291.jpg,武内英樹/川村泰祐,8.8,剧情,tt1337673,日语,日本,为了更专注自己的音乐事业，千秋真一（玉木宏 饰）向野田惠（上野树里 饰）提出分居的请求，浪漫之都巴黎，这对情侣两地相隔。当然野田并不会感到特别无聊，奥山真澄（小出惠介 饰）和峰龙太郎（瑛太 饰）的造访为她带来诸多的乐趣。原来每三年一度针对小提琴和钢琴的坎托纳国际竞演会召开在即，峰特意来给分别多年的恋人三木清良（水川あさみ 饰）加油打气。观看演出时，当拉威尔的G大调钢琴协奏曲响起时，野田深受触动，遂决定报名参赛，却被教授拒绝。与此同时，当听说复归后的孙蕊（山田优 饰）邀请千秋共演时心情更是跌落谷底。为了帮她重整旗鼓，千秋带领野田展开连番特训……,2010
3993189,轻音少女番外篇：Live House!,丰崎爱生/日笠阳子/佐藤聪美/寿美菜子/竹达彩奈,https://img1.doubanio.com/view/photo/s_ratio_poster/public/p2512771708.jpg,山田尚子,8.8,动画,tt3515966,日语,日本,在一个寒冷的冬日，轻音部五人组聚在部里讨论。原来她们刚刚得到一个Live House的消息，一场盛大的音乐派对即将在本年的最后一天举行。一想到这是一次难得的练兵机会，平泽唯（丰崎爱生 配音）便按捺不住心中的激动，鼓动大家报名参加。然而秋山澪（日笠阳子 配音）和中野梓（竹达彩奈 配音）却打了退堂鼓，紧张非常。经过举手表决，小唯、田井中律（佐藤聪美 配音）和琴吹紬（寿美菜子 配音）均赞同出场。一向在年末年初旅行的琴吹表示，希望最后一天和好朋友相守度过，最终大家的意见得到统一，携手前去报名。值得纪念的首场Live，即将拉开序幕……,2010
3796613,与玛格丽特的午后,热拉尔·德帕迪约/吉赛勒·卡扎德絮/帕特里克·伯利奇/弗朗索瓦-格扎维埃·德梅松/莫拉娜/让-弗朗索瓦·斯泰弗南/克莱尔·莫里耶/索菲·吉耶曼/梅兰妮·贝尔内尔,https://img1.doubanio.com/view/photo/s_ratio_poster/public/p855075428.jpg,让·贝克,8.8,喜剧,tt1455151,法语 / 佛兰德斯语,法国,肥胖、粗俗而不失善良的50多岁男人基曼（杰拉尔·德帕迪约 Gérard Depardieu 饰）住在母亲花园旁的房车里，平时打理菜园，和朋友们泡小酒吧，时而和年轻女友安妮特（索菲·吉耶曼 Gisèle Casadesus 饰）在小窝里浪漫温存，过着平静的生活。然而，他的内心却有着不为人知的脆弱和苦楚，母亲在不想要他的情况下怀上了他，从来不知道父亲是谁；老师因为他的愚笨嘲弄；哥们儿喜欢他却又常常嘲笑他。女友想要个孩子，他却因自卑一直不肯答应，导致两人关系紧张。,2010
4817020,小羊肖恩：美好时光,贾斯汀·弗莱彻/约翰·斯帕克斯/理查德·韦伯/凯特·哈伯,https://img3.doubanio.com/view/photo/s_ratio_poster/public/p2271636103.jpg,克里斯托弗·萨德勒/理查德·斯塔扎克,8.8,喜剧/动画,,无对白,英国,在英国一个远离城镇的农场，自我感觉良好的农夫独自居住在这里，不过正因为有了那些极具个性的小动物，才让他的生活充满惊险和乐趣。忠实的牧羊犬比兹尽心打理农场的一切，懒惰狡猾的小猫嘲弄其它动物，三只傲慢粗鲁且邋遢的猪随时在惹麻烦，而那群看似温顺的黑脸羊更是制造麻烦的高手。聪明睿智并且鬼点子多多的小羊肖恩见证了一次次乐事的发生。,2010
4832288,奇迹,前田航基 /前田旺志郎 /大塚宁宁/小田切让/夏川结衣/阿部宽/长泽雅美/原田芳雄/树木希林/桥爪功/桥本环奈/林凌雅/中村友理/内田伽罗,https://img3.doubanio.com/view/photo/s_ratio_poster/public/p1172845476.jpg,是枝裕和,8.8,剧情/家庭,tt1650453,日语,日本,一段破败的婚姻，让两个尚未成年的好兄弟天各一边。哥哥航一（前田航基 饰）随母亲大迫希美（大塚寧々 饰）回到位于鹿儿岛的外婆家，弟弟龙之介（前田旺志郎 饰）则和追寻音乐梦想的“废柴”父亲木南健次（小田切让 饰）在福冈居住。兄弟俩有了各自的朋友圈，父母也似乎渐渐安定下来。可 是，他们无论如何还是希望重新聚在一起。鹿儿岛开往福冈的新干线“燕”和福冈开往鹿儿岛的“樱”号途中会有一次短暂的交汇，传说这时许下心中愿望的话，奇迹就会降临。晴朗的一天，两兄弟各自带着朋友朝着心中的奇迹之地出发……,2011
1306016,玩家马布斯博士,鲁道夫·克莱恩-鲁格/艾于德·埃格德·尼森/格特鲁德·韦尔克/阿弗莱德·阿贝尔/伯恩哈德·格茨克/保罗·里希特/汉斯·阿达尔贝特·施勒托/格奥尔格·约翰/查理·普菲/格蕾特·贝格尔/朱利叶斯·法尔肯施泰因/莉迪娅·波捷奇纳/尤利乌斯·E·赫尔曼,https://img1.doubanio.com/view/photo/s_ratio_poster/public/p2188000097.jpg,弗里茨·朗,8.7,悬疑/惊悚/犯罪,tt0013086,德语,德国,在上世纪初的德国，一个精通心理学的犯罪天才马布斯博士，利用各种伎俩，包括催眠，易容，赌博等，把他的受害人完全操纵于股掌之中。他自称能够医治战后人们的精神创伤；他欺骗了舞蹈演员卡罗扎，又从百万富翁的儿子胡尔手中靠赌博赢得了五万马克。警方有人开始调查……,1922
1867888,尼伯龙根2：克里姆希尔德的复仇,汉斯·阿达尔贝特·施勒托/鲁道夫·克莱恩-鲁格,https://img1.doubanio.com/view/photo/s_ratio_poster/public/p2455300039.jpg,弗里茨·朗,8.7,剧情/奇幻/冒险,tt0015174,无对白,德国,根据德国古典史诗《尼贝龙根之歌》改编。本片共两部，第一部的副标题是《西格弗里德》或《西格弗里德之死》，又译《斩龙遇仙》；第二部《克伦希尔德的复仇》。第一部剧情：库山王子西格弗里德从传说中得知，如果能用丛林内的巨龙血液沐浴，就能全身刀剑不入，乃立刻启程斩龙取血。不料飘来一片树叶 贴在他的背上挡住了龙血。他自恃刀剑不入，乃出兵讨伐矮人国，夺取隐身头巾和尼伯龙根的国宝。后来，他更凭这两样法宝之助打败冰岛女王的武士，跟王妹克伦希尔德结婚。武士哈根获悉，将长矛对准被树叶贴住而未沾龙血的背部猛掷，西格弗里德应声倒地。第二部描述西格弗里德死后，克伦希尔德嫁给了匈奴国王伊泽尔，生下一个孩子。她邀请她的兄弟前来参加派对，并鼓励伊泽尔向杀死她前夫西格弗里德的凶手哈根报仇。不料哈根得到她兄弟们的保护，于是她必须为逼迫自己的兄弟交出哈根而展开一场激战。,1924
1295116,西线无战事,路易斯·沃海姆/刘·艾尔斯/约翰·雷/阿诺德·露西/本·亚历山大/斯科特·寇克/小欧文·戴维斯/沃尔特·罗杰斯/威廉·贝克韦尔/拉塞尔·格里森/理查德·亚历山大/哈罗德·古德温/斯利姆·萨默维尔/G·帕特·柯林斯/贝丽尔·默瑟,https://img1.doubanio.com/view/photo/s_ratio_poster/public/p2209784767.jpg,刘易斯·迈尔斯通,8.7,剧情/动作/历史/战争,tt0020629,英语 / 法语 / 德语 / 拉丁语,美国,第一次世界大战期间，德国政府以漂亮的口号呼吁年轻热情的学生志愿者投身战场保家卫国。一腔热血的德国青年保罗·鲍曼（卢·艾尔斯 Lew Ayres饰）怀着英雄理想投身到一战之中。然而当保罗和他的同学们经过训练后，被派往西线参战时，他们目睹到的却是残酷的饥饿、血腥和死亡。战争的荒谬无情让保罗从迷恋战争到心灰意冷，因伤返乡。可是愚昧的乡民根本不知前线的危急，保罗义愤填膺地向学生陈述战争的无情，西线无战事。他提前结束休假返回前线，在战壕中伸手捕捉一支蝴蝶时，不幸被流弹击中。,1930
1294047,凡尔杜先生,查理·卓别林/马迪·科雷尔/艾莉森·罗丹/罗伯特·刘易斯/安德丽·贝茨/玛莎·雷伊/阿达·梅/伊索贝尔·埃尔索姆/玛乔丽·本尼特/海伦娜·海格/玛格丽特·霍夫曼/玛丽莲·纳什/欧文·培根/埃德温·米尔斯/弗吉尼亚·布里萨克,https://img3.doubanio.com/view/photo/s_ratio_poster/public/p2074408234.jpg,查理·卓别林,8.7,剧情/喜剧/犯罪,tt0039631,英语,美国,凡尔杜先生（查理·卓别林 Charles Chaplin 饰）曾经是一名银行的职员，跟妻子莫纳（Mady Correll 饰）和儿子皮特（Allison Roddan 饰）一同过着平静但是幸福的生活。经济大萧条的到来令凡尔杜先生失去了工作，有一个家庭要养活的他流落在街头无处容身，绝望之情溢于言表。,1947
1293841,倒扣的王牌,柯克·道格拉斯/简·斯特林/罗伯特·亚瑟/波特·霍尔,https://img3.doubanio.com/view/photo/s_ratio_poster/public/p2171823995.jpg,比利·怀德,8.7,剧情/黑色电影,tt0043338,英语 / 拉丁语,美国,身无分文的记者丘克（Kirk Douglas 饰）流落一座新墨西哥州的小城，他舌如巧簧向当地报馆的主编推销自己，宣称自己有制造新闻的天才。波澜不惊的小城生活让曾经供职纽约的丘克倍感无聊。这天，主编令丘克外出采访，丘克于路却意外遭遇一名小镇店主里奥被困山洞。丘克敏感的意识到这件事情背后的新闻价值，他迅速联系州长、工程队与医生。随着丘克的一篇篇报道，观看施救过程的民众陆续赶来，本欲离开的里奥妻子因为看到有利可图而选择留下，并与丘克站到了同一阵营，丘克安排采用费时的营救方式来维持事件的新闻热度。几天内人群不断涌入，营救现场俨然成为游乐场。丘克与纽约的老上司讨价还价之时，洞中的里奥却走到了生命的尽头……,1951
1296659,舞台春秋,查理·卓别林/巴斯特·基顿/克莱尔·布鲁姆/尼格尔·布鲁斯/悉尼·卓别林,https://img3.doubanio.com/view/photo/s_ratio_poster/public/p2299155914.jpg,查理·卓别林,8.7,剧情/喜剧/爱情/音乐,tt0044837,英语,美国,1914年夏天，伦敦一所单身公寓。芭蕾舞女演员塞瑞拉·安布罗斯（克莱尔·布鲁姆 Claire Bloom饰）在自己的房间里，打开煤气企图自杀。万幸的是，喝得醉醺醺，刚回家的邻居卡尔费罗（查理·卓别林 Charles Chaplin饰）正好救了她。等赛瑞拉苏醒以后，卡尔费罗才得知她是因为患了风湿不能再跳舞，才产生轻生的念头。而卡尔费罗曾经是一名伟大的喜剧演员。他悉心的照料着赛瑞拉，并用自己的滑稽喜剧打消了她自杀的想法。六个月后，赛瑞拉重新成功的站了起来，并在一出芭蕾剧中担当重要角色。可赛瑞拉却与一名作曲家陷入了热恋，卡尔费罗只能默默的祝福他们，独自上演他的含泪喜剧。,1952
3552838,Miss Catastrophe,罗兰·阿蒙泰尔/阿尔芒·贝尔纳/索菲·德马雷/勒内·布朗卡尔/米舍利娜·达克斯/伯纳德·德兰/米谢勒·纳达尔/菲利普·尼科/路易斯·塞格纳,https://img3.doubanio.com/view/photo/s_ratio_poster/public/p2561839064.jpg,迪米特里·凯萨诺夫,8.7,喜剧,tt0158791,法语,法国,1957年法国电影。 Une femme peintre farfelue mais talentueuse cede son tableau a un escroc.,1957
1294737,楢山节考,田中绢代/高桥贞二/望月優子/市川团子/小笠原庆子/东野英治郎/宫口精二/伊藤雄之助/三津田健/鬼笑介/高木信夫/吉田兵次,https://img3.doubanio.com/view/photo/s_ratio_poster/public/p2521124496.jpg,木下惠介,8.7,剧情,tt0051980,日语,日本,信浓有一座楢山，附近山村的人到了七十岁就得进楢山。六十九岁的阿玲（田中绢代 饰）还有两件事放不下：一是四十五岁的儿子辰平（高桥贞二 饰）去年成了鳏夫；二是长孙袈裟吉（市川团子 饰）总是在村里人面前嘲笑自己牢固的牙齿。一年一度的祭祀日，等来了新儿媳阿玉（望月优子 饰）的阿玲狠下心在石臼上磕掉了两颗门牙。割稻子的时节，袈裟吉将怀着身孕的阿松（小笠原庆子 饰）领进了家门，并催促祖母早点进山。与袈裟吉不同，善良的辰平舍不得母亲进山。可是面对人口增加食物不足的状况，辰平别无选择，只得遵照母亲的意愿，在新年之前将母亲背上楢山……,1958
1298063,早安,杉村春子/笠智众/久我美子/三宅邦子/佐田启二/设乐幸嗣/岛津雅彦/高桥丰子/泽村贞子/东野英治郎/长冈辉子/三好荣子/田中春男/大泉滉,https://img3.doubanio.com/view/photo/s_ratio_poster/public/p2200572533.jpg,小津安二郎,8.7,喜剧,tt0053134,日语,日本,在东京近郊公路桥下，矗立着几间普普通通的民房，那里住着这个国家最富活力的平凡百姓，琐碎而有趣的故事也在他们中间发生。妇女协会的会费发生亏空，女人们叽叽喳喳打算查明原因。担任会计的小幸妈刚好给家里添置了洗衣机，因此成为重点怀疑对象。无聊的时候女人们婆婆妈妈，张家长李家短，好像永远看不得别人家的半点好。工作了一天的林先生（笠智众 饰）厌烦了女人的聒噪和孩子们的吵闹，偏偏两个儿子小实（设乐幸嗣 饰）和小勇（岛津雅彦 饰）他赌气决定不再说话。而这一次父子的无心之举又在邻居间激起了波澜。,1959
1298561,人间的条件(第一、二部),仲代达矢/新珠三千代/有马稻子/淡岛千景/佐田启二/山村聪/石浜朗/宫口精二/三岛雅夫/小泽荣太郎/山茶花究/南原宏治,https://img3.doubanio.com/view/photo/s_ratio_poster/public/p2327865956.jpg,小林正树,8.7,剧情/历史,tt0053114,日语 / 汉语普通话,日本,取材于五味川纯平的原著《人间的条件》。是反映日本在中国东北（满洲）日本殖民者的电影，导演站在人道主义的立场上对战争给双方的影响做了反思，本片的故事背景是一九四三年的满洲，在太平洋战争后期反对日本军国主义的 男主角尾，在满洲为其人道主义立场努力终生的故事。,1959
1293271,甜蜜的生活,马塞洛·马斯楚安尼/安妮塔·艾克伯格/阿努克·艾梅/伊冯·弗奴克丝/玛加丽·诺尔/莱克斯·巴克/安尼巴莱·宁基/瓦尔特·圣泰索/贾可·塞纳斯/里卡尔多·加罗内/瓦莱里娅·创可蒂尼/娜迪亚·格雷/阿兰·居尼/伊妲·伽利/劳拉·贝蒂,https://img1.doubanio.com/view/photo/s_ratio_poster/public/p2204676857.jpg,费德里科·费里尼,8.7,剧情/喜剧,tt0053779,意大利语 / 英语 / 法语 / 德语,意大利 / 法国,八卦记者Marcello原本的志向是要成为一名作家，却因为新闻工作关系，常穿梭在政商名流之间，过着堕落且糜烂的生活。一日，他和一位美丽女子共渡春宵后，回家发现女友为他吞药自杀身亡，Marcello的悲伤没有太久，因为他又赶着到机场迎接影星Sylvia到来，而接下来的几天，他们必需要作贴身采访…,1960
1293310,椿三十郎,三船敏郎/仲代达矢/加山雄三/小林桂树/团令子,https://img1.doubanio.com/view/photo/s_ratio_poster/public/p2346574759.jpg,黑泽明,8.7,剧情/动作/惊悚,tt0056443,日语,日本,郊外神社的神殿里，九位年轻武士在秘密开会，城代家老的外甥井坂（加山雄三饰）准备向大目付菊井求助整治内部问题。但外貌邋遢的武士椿三十郎（三船敏郎饰）出现，告诉他们菊井才是背后的黑手。果然，神殿很快被大目付手下团团围住，三十郎出手替年轻人解危，而室户半兵卫（仲代达矢饰）却欣赏三十郎的身手，欢迎他加入。之后，三十郎与九人组去找城代家老，却发现晚了一步已被绑架。,1962
1292349,阿拉伯的劳伦斯,彼得·奥图尔/亚历克·吉尼斯/安东尼·奎恩/杰克·霍金斯/奥马尔·沙里夫/何塞·费勒/安东尼·奎尔/克劳德·雷恩斯/阿瑟·肯尼迪/唐纳德·沃尔菲/I·S·乔哈尔/米歇尔·雷,https://img3.doubanio.com/view/photo/s_ratio_poster/public/p1697190295.jpg,大卫·里恩,8.7,剧情/传记/冒险,tt0056172,英语 / 阿拉伯语 / 土耳其语,英国 / 美国,1916年，阿拉伯大起义爆发。 英军中尉 Lawrence（Peter O'Toole 饰）受命登上阿拉伯半岛之后，决定带领阿拉伯人夺取亚喀巴。在穿越沙漠的过程中， Lawrence 力排众议孤身返回搭救了失踪的 Gasim（I.S. Johar 饰）。此举赢得了众人的尊敬，Ali ibn el Kharish（Omar Sharif 饰）沙里夫甚至让 Lawrence 换上了沙里夫的长袍，而 Lawrence 也欣然接受。可是阿拉伯部落间并不和睦，Harith 部的 Gasim 杀了 Howeitat 部的人，双方剑拔弩张。为了平息争端，Lawrence 亲手处决了 Gasim，而杀人的快感却让 Lawrence 感到不安。成功夺取亚喀巴之后，Lawrence 驼不停蹄地穿越西奈半岛回到开罗。Allenby（Jack Hawkins 饰）将军大喜过望，升 Lawrence 为少校，对其寄予厚望……,1962
1294438,假面,毕比·安德松/丽芙·乌曼/玛格丽塔·克罗克/古纳尔·布约恩施特兰德/约根·林德斯特伦,https://img1.doubanio.com/view/photo/s_ratio_poster/public/p2507966309.jpg,英格玛·伯格曼,8.7,剧情,tt0060827,瑞典语,瑞典,舞台剧女演员伊丽莎白（丽芙·乌曼 Liv Ullmann 饰）在一次演出中忘了台词，之后长达数月她拒绝说话，被送进精神病医院。照顾她的护士阿尔玛（毕比·安德森 Bibi Andersson 饰）被医生责怪没有尽职，医院安排她带伊丽莎白在一所海滨别墅疗养治病。两人到达别墅后，伊丽莎白有所好转，但还是拒绝说话和给予回应。阿尔玛经常对她说话试图打破沉默，但仍旧得不到任何回应，最后不得不倾诉起她与未婚夫之间的情感问题。阿尔玛偷看了伊丽莎白写给医生的信，发现她在信里谈论自己，于是愤怒地叱责伊丽莎白。面对彻底沉默的伊丽莎白，阿尔玛在狂怒中几乎将她杀死。受惊的伊丽莎白惊恐地呼喊出“不！”，这让阿尔玛以为自己治好了她的病。可是伊丽莎白再次拒绝发出声音，她让阿尔玛成为自己的替身，与自己的丈夫做爱，照顾自己的孩子。阿尔玛在与伊丽莎白的过程中渐渐失去了自我的身份，悄然变成伊丽莎白的另一半。,1966
1302463,千面佳人,娜塔莉·伍德/伊安·邦纳/迪克·肖恩/彼得·法尔克/乔纳森·温特斯/丽拉·柯卓娃/娄·雅可比/诺玛·可瑞/阿瑟·马利特/杰罗姆·柯万/阿琳·戈隆卡/阿姆齐·斯特里克兰/比尔·冈/卡尔·巴兰蒂尼/伊吉·沃尔芬顿,https://img3.doubanio.com/view/photo/s_ratio_poster/public/p2314094225.jpg,阿瑟·希勒,8.7,喜剧/犯罪,tt0060818,英语,美国,詹姆斯（伊安·邦纳 Ian Bannen 饰）是一位事业小有成就的银行家，一次偶然中，他遇见了名叫佩尼洛浦（娜塔利·伍德 Natalie Wood 饰）的女子，佩尼洛浦的娇俏可人很快就将詹姆斯迷倒了，两人相识没多久，便步入了婚姻的殿堂。,1966
3073545,一鸣惊人,布尔维尔/罗伯特·赫希/詹尼·博纳古拉/莫妮克·塔贝斯/米歇尔·德雷/埃德蒙·博尚/特迪·比利斯/罗歇·卡恰/吉勒·德勒,https://img3.doubanio.com/view/photo/s_ratio_poster/public/p2553572451.jpg,阿莱克斯·若费,8.7,喜剧/运动,tt0062830,法语,法国 / 意大利,1901年，整个巴黎都沉浸在对世纪之赛--巴黎-圣拉莫自行车大赛的狂热之中。一个名叫于勒·奥古斯特·迪罗克的法国小工匠自己组装了一种新型的自行车，在比赛中它能节省运动员的体力，然而为了研究新车他耗尽了家中所有，还欠了不少债。当地的司法直达官缪勒要没收于勒的新车。,1968
1292226,2001太空漫游,凯尔·杜拉/加里·洛克伍德/威廉姆·西尔维斯特/丹尼尔·里希特/雷纳德·洛塞特/罗伯特·比提/肖恩·沙利文/艾德·毕肖普/格伦·贝克/艾伦·吉福德/安·吉利斯,https://img3.doubanio.com/view/photo/s_ratio_poster/public/p2500694952.jpg,斯坦利·库布里克,8.7,科幻/惊悚/冒险,tt0062622,英语 / 俄语,英国 / 美国,这部影片是库布里克花了四年时间制作的充满哲学命题的鸿篇巨制。一块大黑石树立在史前人类的面前，他们刚刚开始认识工具，进入到进化的里程碑。同样的黑石还在宇宙多处出现，它们矗立在月球上，漂浮在太空中，带着某种神秘的寓意。,1968
1291989,原始星球,让·托帕尔/让·瓦尔蒙/伊夫·巴萨克,https://img3.doubanio.com/view/photo/s_ratio_poster/public/p1910923416.jpg,阿内·拉鲁,8.7,科幻/动画,tt0070544,法语,法国 / 捷克斯洛伐克,茫茫宇宙中一颗无名星球上，生活着体形悬殊的两种生物。占主导地位的是戴格斯人，他们身形巨大，拥有极高的文明和智慧，可以使精神摆脱肉体自在游弋；与之相对的是奥姆斯人，他们具有地球人的外表和身形，社会形态原始落后，在戴格斯人面前有如蝼蚁，于是当仁不让成为这些巨人的奴隶和玩物。奥姆斯人具有顽强的生命力和繁殖能力，他们的数量与日俱增，造成了统治者的困扰。于是，一场针对奥姆斯人的剿灭战随即展开。这本是一场微不足道的如同剿灭害虫的行动，但一个不起眼的奥姆斯人改变了双方的格局。泰尔是被一个戴格斯女孩豢养的奥姆斯男性宠物，他通过主人的教学机器学到了戴格斯人先进的科学文化知识。偶然机会，泰尔逃离戴格斯家庭，成为了领导奥姆斯人对抗统治者的领袖……,1973
1868933,让娜·迪尔曼,德菲因·塞里格/亨利.斯多克/雅克·多尼奥-瓦克罗兹,https://img1.doubanio.com/view/photo/s_ratio_poster/public/p2464061179.jpg,香特尔·阿克曼,8.7,剧情,tt0073198,法语,法国 / 比利时,《让娜·迪尔曼》是一部怎样的电影呢？它是阿克曼1975年的一部长达三个半小时的电影，它又是一部著名的“女权主义”电影，它还是一部在形式与内容上都极富革命精神的电影。总之，阿克曼这位拍片数极少的比利时女导演凭借她二十出头拍出的这部电影，就足以让无数的影评人、电影史学家为她 树碑立传了。它的独特、先锋已远远超出了我们的想象，我相信，以前没有，以后也不会再有如此奇妙的观影体验了！,1975
3621296,人鱼公主,樫山文枝 Fumie Kashiyama/志垣太郎/宮城まり子,https://img1.doubanio.com/view/photo/s_ratio_poster/public/p2017448957.jpg,胜间田具治,8.7,动画,tt0070326,日语,日本,日本改编安徒生经典童话，依据延续了海的女儿人鱼公主的爱情悲剧。片头以介绍安徒生故乡丹麦开始，介绍丹麦海边“小美人鱼”雕像的由来，慢慢延向深海...,1975
3543679,一磅肉,筱华/方辉/王燕屏,https://img3.doubanio.com/view/photo/s_ratio_poster/public/p2342489640.jpg,胡小峰,8.7,剧情,tt2182257,汉语普通话,中国香港,取材自莎士比亚的喜剧《威尼斯商人》，以舞台剧的形式拍摄，辛辣的讽刺、巧妙的布控无处不在，同时充分地利用夸张表演的技巧，传承莎翁的人本精神，表达了创作主题思想。,1976
1307508,指环王,威廉·斯夸尔/约翰·赫特,https://img1.doubanio.com/view/photo/s_ratio_poster/public/p2481687797.jpg,拉尔夫·巴克希,8.7,剧情/动画/奇幻/冒险,tt0077869,英语 / Sindarin,美国,这部影片改编自一部全球知名的小说《指环王》（The Lord of the Rings）。它出自名作家J.R.R. Tolkien之手，由三个各自独立而又相互关联的故事组成。这部小说至少已有1亿5百万人通读过，而浏览过的更是不计其数，可以说它是近100年来少有的一部经典巨作。近几十年来，这一故事曾多次被搬上银幕但均未获得较大的成功，只有1979年拍摄的动画版才获得了一点点好评。这部片子作为70年代的动画大作，画质算是比较不错了。其风格与迪斯尼自是大不相同，似乎有点中国水墨的影子。,1978
1308446,疯狂兔宝宝,梅尔·布兰科/亚瑟·Q·布莱恩/保罗·朱利安,https://img1.doubanio.com/view/subject/l/public/s6564539.jpg,查克·琼斯,8.7,喜剧/科幻/动画/音乐/家庭,tt0078915,英语,美国,"The Bugs Bunny/Road Runner Movie is basically a collection of Warner Bros. short cartoon features, ""starring"" the likes of Daffy Duck, Porky Pig and Wile.E.Coyote. These animations are interspersed by Bugs Bunny reminiscing on past events and providing links between the individual animations which are otherwise unconnected. The Road Runner feature at the end consists of sketches from various RR separates (well it does in the 78-minute version anyway).",1979
1845698,神奇独角马,三轮胜惠/杉山佳寿子/堀绚子/井上真树夫/中西妙子/来宫良子/永井一郎/矢田耕司/田之中勇/八奈见乘儿/川岛千代子/铃木富子/倍赏千惠子,https://img1.doubanio.com/view/photo/s_ratio_poster/public/p2554087038.jpg,平田敏夫/手冢治虫,8.7,动画/奇幻/冒险,tt0083258,日语 / 英语,日本,小白角是生来便具有神奇力量的独角兽，它能够给人带来快乐。因了这神奇的力量而遭到神的放逐。善良的西风把它带去了一个无人岛屿，在那里它认识了小魔鬼，并和孤独的小魔鬼成为了朋友。,1981
1767005,机动战士高达 剧场版Ⅲ 相逢在宇宙,古谷彻/池田秀一/铃置洋孝/井上瑶/铃木清信/古川登志夫/白石冬美/潘惠子/鹈饲留美子/银河万丈/小山茉美/柴田秀胜/井上真树夫,https://img3.doubanio.com/view/photo/s_ratio_poster/public/p456714561.jpg,富野由悠季/安彦良和,8.7,剧情/动作/科幻/动画,tt0159511,日语,日本,"公元1999年，面临人口,资源,环境各方面危机的人类社会终于为携手开创新时代而实现统一，成立地球联邦政府，并发表人类宇宙移民计划。之后为了保证地球圈的安定与和平，2009年，地球联邦军正式建立。2045年，第1号太空殖民卫星开始动工建造，之后陆续又建起许多殖民卫星，并根据宙域将其划分为SIDE1至SIDE7七个区域。当人类开始向最初的卫星移民时，人类历史便进入了宇宙世纪，纪元亦改为宇宙世纪(简称U.C)0001年，那一年地球总人口已突破90亿大关。U.C.0027年，第一座月面永久型都市“冯·布拉文”完工，此后至0040年为止，实现了总人口的40％(约50亿人)向宇宙的移民。0045年，小行星尤诺进入月球轨道并开始周期性稳定运行，后称为路纳Ⅱ(LUNAR2)。0050年，人类总人口已达110亿，其中90亿为宇宙移民。然而，地球联邦政府并未制定确保宇宙移民权利的有力政策，仍然以地球为中心，加上联邦内官僚主义风气日盛，使宇宙移民的不满情绪上涨……@m.yakutv.cc",1982
1292994,开罗紫玫瑰,米亚·法罗/杰夫·丹尼尔斯/丹尼·爱罗,https://img3.doubanio.com/view/photo/s_ratio_poster/public/p2218755965.jpg,伍迪·艾伦,8.7,喜剧/爱情/奇幻,tt0089853,英语,美国,三十年代美国经济大萧条，市面上一片荒芜。家庭主妇Cecilia（米亚·法罗 Mia Farrow 饰）白天应对沉闷的服务生工作（由于经济崩溃 ，很快也失去这份工作），晚上面对毫无情趣的丈夫。身为狂热影迷的她日日走进影院观看一部叫《开罗紫罗兰》的电影，熟习到连台词表情都能记住，电影里没有经济萧条，电影里是上流社会的宴席与取乐。这日奇怪的事发生了，戏里面的男主角Tom（杰夫·丹尼尔斯 Jeff Daniels 饰）从荧幕上走了下来！直接走到Cecilia面前，和她私奔。而电影里的人物也跟着议论纷纷，剧情不按剧情走，而变成了讨论会。,1985
2222918,一片花,千秋実/十朱幸代/西郷輝彦/中田喜子/加藤治子/二宮さよ子,https://img1.doubanio.com/view/photo/s_ratio_poster/public/p2333033977.jpg,伊藤俊也,8.7,剧情,tt0202892,日语,日本,72岁的退休教授鹰野冬吉住在日本松江市，被诊断出患有老年痴呆症，患病后经常走失，而且闹了不少哭笑不得的笑话。随着病症的加剧，连自己妻子鹰野菊代在家里忽然突发重病也毫无所知，以致延误最佳抢救机会。媳妇鹰野桂子心地善良，对他的护理与日俱增，原本和丈夫鹰野治雄之间的隔阂也慢慢的消除，一起坦然的面对现实。,1985
1295450,晚安，母亲,安妮·班克罗夫特/茜茜·斯派塞克,https://img3.doubanio.com/view/photo/s_ratio_poster/public/p2326724791.jpg,汤姆·摩尔,8.7,剧情,tt0090556,英语,美国,"根据Martha Norman荣获普利策奖的同名戏剧改编，两代影后Anne Bancroft和Sissy Spacek共同奉献了精湛的演出。1983年的某个清晨，寂寞的美国小镇上，Jessie告知母亲Thelma,她将在今天结束自己的生命，Thelma只有想尽一切办法让女儿找到活下去的希望……",1986
3075963,棒球英豪2：再见的礼物,三ツ矢雄二/日高のり子/難波圭一,https://img1.doubanio.com/view/photo/s_ratio_poster/public/p2518582867.jpg,杉井仪三郎,8.7,剧情/动画,tt6863922,日语,日本,和也的意外身亡，让曾经远离棒球的上杉达也（三ツ矢雄二 配音）以极其辉煌和充满忧伤的姿态回归赛场。弟弟的死亡留给生者无数感伤，却似乎也为达也与浅仓南（日高のり子 配音）的恋情提供了更多可能。在此之后，达也加入明青学园棒球部，展开通往甲子园的征程，小南则接受校方安排加入艺术体操部，并且迅速成为一名明星选手。炎炎夏日，二人为和也扫墓，邂逅了视和也为毕生宿敌的新田明男（井上和彦 饰）。新田感慨和也的早夭，并向达也发起挑战。他所追逐的不只是赛场上的胜利，还有令他一见倾心的小南……,1986
1293318,萤火虫之墓,辰己努/白石绫乃/志乃原良子/山口朱美/端田宏三,https://img1.doubanio.com/view/photo/s_ratio_poster/public/p1157334208.jpg,高畑勋,8.7,剧情/动画/战争,tt0095327,日语,日本,美日战争爆发，14岁的清太带着年幼的妹妹到处逃命，当他们到达防空洞的时候，母亲已身受重伤，没过多久便不久人世。两兄妹自此过着相依为命的日子。他们只好投靠了母亲的姐妹，纵使他们把家里所有的家当都送给了阿姨，但当食物吃完，他们就越感到了寄人篱下的感觉，清太决定带着妹妹离开独自生活。火灾硝烟中的生活并不好过，清太为了妹妹四处偷取食物，但妹妹还是严重营养不良……,1988
1292995,天伦之旅,马塞洛·马斯楚安尼/米歇尔·摩根/瓦莱里亚·卡瓦利/马利诺·切纳/罗伯托·诺毕雷/萨瓦特利·卡西欧,https://img3.doubanio.com/view/photo/s_ratio_poster/public/p2331215125.jpg,朱塞佩·托纳多雷,8.7,剧情/家庭,tt0100681,意大利语,意大利 / 法国,对于即将到来的旅程，斯库罗（马塞洛·马斯楚安尼 Marcello Mastroianni 饰）充满了兴奋和期待之情，在妻子去世多年，自己光荣退休之后，他终于要走出那一成不变的生活环境，去看望阔别已久的孩子们了。在重温亲情的路上领略异国他乡别样的景致，这样的经历想一想都 觉得美好。,1990
1964025,亚尔斯兰战记,山口勝平/井上和彦,https://img3.doubanio.com/view/photo/s_ratio_poster/public/p2514584352.jpg,浜津守,8.7,动画/冒险,tt0103720,日语,日本,强盛的帕尔斯王国，因为链接东西方的大陆公路贯穿王国，故其文化和经济都非常繁盛，王都──叶克巴达那更是可以媲美东方「绢之国」首都的繁荣。但在帕尔斯历３２０年，帕尔斯被西方蛮族「鲁西达尼亚」入侵，本来不费吹灰之力便可获胜的帕尔斯，却因为其中一名万骑长的叛变，在平原「亚特罗帕提尼」的会战中惨败，大陆强国竟在一日之间陷入亡国的边缘。败走的帕尔斯国王安德拉寇拉斯三世，在逃亡之际被一名戴著银假面的骑士所捕。而第一次出征的王太子亚尔斯兰，在忠臣达龙的协助下从混乱的战场中死里逃生，最后到了巴休尔山找寻不被国王所重用的那尔撒斯。王太子亚尔斯兰在一智一勇的二人，以及其他投奔麾下的忠臣辅助下，踏上了艰苦的复国之路.......,1991
3199500,樱桃小丸子：我喜欢的歌,鳕子/鈴木みえ/水谷优子/屋良有作/富山敬/佐々木優子/菊池正美/飞田展男,https://img1.doubanio.com/view/photo/s_ratio_poster/public/p453904287.jpg,須田裕美子/芝山努,8.7,动画/音乐/儿童,tt6882528,日语,日本,这一回，故事由学校让同学们根据自己喜欢的歌曲而描绘出一幅画来开始。小丸子在去静冈县的外婆家途中，遇到了帮路人素描打工的大姐姐，并成为了忘年交。在大姐姐对歌曲故事的讲述下，小丸子也画出了得奖的作品，并且还“童言无忌”的一番话感动了大姐姐，让大姐姐重新权衡了与北海道大哥哥的恋情和自己的梦想哪个更重要。,1992
1303471,生生长流,法尔哈德·赫拉德曼德/布巴·巴尤尔·/奥西纳·法赫,https://img3.doubanio.com/view/photo/s_ratio_poster/public/p1944277781.jpg,阿巴斯·基亚罗斯塔米,8.7,剧情/灾难,tt0105888,波斯语,伊朗,1990年伊朗西北部发生大地震，影片《哪里是我朋友家》的拍摄地点柯盖尔就在这个地区，导演带着儿子驱车前往那里寻找影片中的演员。父子俩沿路接触到的一个个劫后余生的村民没有人们想象中的悲哀神态，而是积极投身到震后的重建工作，更加珍视生命。尤其是那对在地震后第二天就举行婚礼的年轻夫妇，更能让人感受到经历过劫难的村民们的强大生命力。最后他们没有见到扮演两位小主人公的演员，但有人说刚刚看见他们。,1992
1887265,深海的童話,山崎裕太/伊武雅刀/神谷明/家弓家正/青野武/石田太郎/槐柳二/若本规夫/大塚芳忠/千叶繁/堀之纪/岸野一彦/户谷公次/挂川裕彦/风间信彦/小林通孝/神奈延年/小林俊夫/江森浩子/山口智子,https://img3.doubanio.com/view/photo/s_ratio_poster/public/p2557288824.jpg,今泽哲男,8.7,动画/奇幻,tt0208069,日语,日本,寧靜的小島，水清沙幼，生活純樸，海洋生物學家和他的兒子獨居島上，過著與世無爭的生活。,1993
1306085,华盛顿城堡的圣徒,丹尼·格洛弗/马特·狄龙/瑞克阿维莱斯,https://img3.doubanio.com/view/photo/s_ratio_poster/public/p2447002081.jpg,蒂姆·亨特,8.7,剧情,tt0108026,英语,美国,罹患精神疾病的白人青年马修（马特·狄龙 Matt Dillon 饰）失去了栖身的破败公寓，而母亲离开本地将他抛弃，无家可归的马修只好选择收容单身汉的华盛顿居住地暂住。在战地医院一般混乱的收容所中，马修邂逅了越战黑人老兵杰瑞（丹尼·格洛弗 Danny Glover 饰），杰瑞曾经幸福的家庭因卷入赌马而解体，美国梦碎，如今杰瑞白天在街头擦车赚钱，晚上在收容所度过，希望有朝一日攒到足够的钱搬入公寓。马修善良的心灵和畏怯的眼神引起了杰瑞的注意，他把这个不同肤色的青年视为儿子，把他拉上街头与自己一起工作，在龙蛇混杂的收容所中保护他不受侵害。这对无家可归的人相互支撑着抵御命运的折磨。,1993
1301867,烈日灼人,欧列格·缅希科夫/尼基塔·米哈尔科夫/茵格保加·达坤耐特/娜杰日达·米哈尔科娃/维亚切斯拉夫·吉洪诺夫/斯韦特兰娜·克留奇科娃/弗拉基米尔·伊利因/阿拉·A·卡赞斯卡亚/尼娜·阿尔希波娃/阿宛盖·里昂惕夫/安德列·奥曼斯基/茵娜·乌里扬诺娃,https://img3.doubanio.com/view/photo/s_ratio_poster/public/p799102683.jpg,尼基塔·米哈尔科夫,8.7,剧情/历史,tt0111579,俄语 / 法语,俄罗斯 / 法国,影片的时代背景落在30年代斯大林统治下的前苏联。科托夫（尼基塔·米哈尔科夫 Nikita Mikhalkov 饰）是红军的光辉领袖，拥有殷实家底和幸福家庭，正在与妻子玛露莎（英格波佳·达库内提 Ingeborga Dapkunaite 饰）、女儿一起在别墅中度过幸福时光。不料，一名不速之客闯进了这里。当他揭开层层乔装的外物时，人们认出了他——一个失踪了十年的没落贵族米迪亚（欧列格·米契柯夫 Oleg Menshikov 饰）。米迪亚的到来犹如地狱派来的使者，随着他娓娓道来的故事，米迪亚和科托夫之间的恩怨纠结、和玛露莎之间的陈年旧情以及随着时代而扭曲的人生，都在故事中一一展开。而更为残酷的是，他带来了一个令科托夫一家陷入绝境的消息……,1994
1961978,麦克马丁审判案,詹姆斯·伍兹/梅塞迪丝·鲁尔/洛丽塔·大卫多维奇/萨达·汤普逊/亨利·托马斯,https://img3.doubanio.com/view/photo/s_ratio_poster/public/p2457999851.jpg,米克·杰克逊,8.7,剧情/传记,tt0113421,英语,美国,根据美国的一个真实案件改编的一部电视电影，HBO出品。,1995
3258663,柳林风声,阿兰·本奈特/迈克尔·刚本/麦克·帕林/里克·梅奥尔/瓦妮莎·雷德格瑞夫,https://img3.doubanio.com/view/subject/l/public/s3315445.jpg,戴夫·恩温,8.7,动画/家庭,tt0192802,英语,英国,The Wind in the Willows是英国童话作家格拉姆(Kenneth Grahame)的经典作品，和《小王子》、《维尼熊》一样都是西方小孩子们的床头的“宝贝书”。,1995
1767604,戒指,娜塔莎·金斯基/麦克尔·约克/鲁伯特·彭利-琼斯,https://img3.doubanio.com/view/photo/s_ratio_poster/public/p1289649230.jpg,阿曼德·马斯楚安尼,8.7,剧情/爱情/战争,tt0115150,英语,美国,"During WW II, a young German woman is separated from her family and imprisoned by the Nazis. After being freed she falls in love with and marries a German officer. When Berlin falls to the Russians, and her husband killed, she flees to America, carrying his unborn child, all the while not giving up hope that she will find her family, tied together by her mother's ring",1996
1441097,跳跃大搜查线：97岁末特别警戒篇,織田裕二/柳葉敏郎/水野美紀/稲垣吾郎/広末涼子/いかりや長介/西岡徳馬/原沙知絵/伊藤英明/仲間由紀恵/深津絵里,https://img3.doubanio.com/view/photo/s_ratio_poster/public/p2456454616.jpg,本広克行,8.7,剧情/喜剧/动作/犯罪,tt0271095,日语,日本,1997年12月27日，警视厅湾岸警察署全体在新年前夕依然繁忙的工作着，当然，除了无所事事的几位高层。是夜，商店街发生了绑架事件，突然从人群中冲出一个青年，轻轻松松将绑匪制伏。原来是传说中的青岛俊作（织田裕二饰）刑警回来了！因事件调离的青岛在新年之前调回湾岸署，但各个课室都不愿意接收这位爱惹麻烦的问题警察。从警务课、交通课、生活课，各个课长都像踢皮球一样不想青岛来工作。但青岛却乐在其中，在工作中，细心的青岛又发现了强盗犯罪事件的线索，犯人凶残似乎威胁到了警察署内部！1997年的最后几天，注定因为青岛俊作的努力工作而不平凡！,1997
1305814,小树的故事,约瑟夫·阿什顿/詹姆斯·克伦威尔/坦图·卡丁诺/米卡·波瑞姆/格雷厄姆·格林,https://img1.doubanio.com/view/photo/s_ratio_poster/public/p2526007439.jpg,理查德·弗雷登伯格,8.7,剧情,tt0119052,英语,加拿大,八岁印第安小孩“小树”，在双亲逝世后，被送至田纳西州的史莫基山，与祖父母同住。小树与住在深山中的祖父母展开了一段新生活，他的新生活充满了探索与冒险，有欢笑有泪水，当然有胜利与挫折。同时，小树也认识了不少好朋友，包括神秘的奇拉几族先知——“柳树”约翰。1930年的美国，虽然经济萧条，生活困苦，但是对小树来说，却是最难忘的时光。,1997
4032011,心缘,鲍里斯·泰拉尔/艾莉西亚·波特尔,https://img1.doubanio.com/view/subject/l/public/s3976327.jpg,马保利,8.7,剧情/爱情,tt0276555,法语,法国,艾玛（Adrienne Pauly 饰）患有先天性心脏病，因此常常生活在抑郁之中。艾玛的朋友讲她带回了自己的家乡度假散心，艾玛因此结识了朋友的哥哥文森特（鲍里斯·泰拉尔 Boris Terral 饰），在优美的乡间，艾玛和文森特之间的感情犹如花儿一般渐渐盛开，在陪艾玛去医院做检查的时候，文森特看到了心脏置换手术志愿者的申请表，他瞒着艾玛偷偷的填了一份。,1998
1420124,偶然与巧合,亚历桑德拉·马提尼斯/皮埃尔·阿迪提,https://img1.doubanio.com/view/photo/s_ratio_poster/public/p808397967.jpg,克洛德·勒卢什,8.7,剧情,tt0120588,法语,法国 / 加拿大,长久以来，梅里安（亚历桑德拉·马提尼斯 Alessandra Martines 饰）带着儿子赛吉（Arthur Cheysson 饰）过着平静但孤单的生活。在威尼斯，梅里安结识了画商皮耶（皮埃尔·阿迪提 Pierre Arditi 饰），后者靠着自己的善良的幽默赢得了梅里安的芳心。可是好景不长，在三人回到巴黎后没多久，皮耶和赛吉却在意外中丢掉了性命，同时失去了爱人和孩子的梅里安悲痛欲绝。,1998